{"stats":{"minecraft:dropped":{"minecraft:enchanted_book":1,"supernatural:villager_blood":1,"minecraft:wheat_seeds":2,"minecraft:iron_nugget":9,"minecraft:stone_sword":1,"minecraft:wheat":1,"minecraft:rotten_flesh":3,"chococraft:gysahl_green_seeds":1,"minecraft:dark_oak_log":8,"minecraft:spruce_planks":2,"minecraft:cherry_planks":100,"minecraft:arrow":4,"minecraft:bone":3},"minecraft:broken":{"minecraft:stone_sword":1},"minecraft:killed":{"supernatural:vampire":2,"undead_revamp2:theswarmer":1,"minecraft:skeleton":3,"alexsmobs:catfish":1,"minecraft:zombie":3,"minecraft:bee":2},"minecraft:picked_up":{"minecraft:pink_petals":8,"minecraft:wheat":1,"minecraft:basalt":1,"quark:polished_calcite":3,"biomesoplenty:jacaranda_sapling":2,"minecraft:enchanted_book":1,"quark:azalea_log":4,"ad_astra:sky_stone":8,"minecraft:shield":1,"minecraft:dirt":30,"minecraft:bone":3,"chococraft:gysahl_green":3,"minecraft:apple":4,"minecraft:wheat_seeds":32,"comforts:sleeping_bag_white":8,"minecraft:spruce_planks":2,"minecraft:calcite":6,"minecraft:coal_block":18,"supernatural:grave_soil":2,"minecraft:dark_oak_door":4,"minecraft:dark_oak_sapling":1,"minecraft:stick":4,"croptopia:apricot":5,"minecraft:copper_ingot":3,"minecraft:oak_fence":1,"minecraft:dandelion":2,"minecraft:cherry_log":26,"chococraft:gysahl_green_seeds":1,"minecraft:spruce_log":4,"minecraft:dark_oak_log":16,"croptopia:lemon":4,"alexsmobs:raw_catfish":5,"minecraft:stone_sword":1,"minecraft:arrow":5,"minecraft:rotten_flesh":5,"croptopia:persimmon":2,"minecraft:cherry_sapling":2,"minecraft:gold_ingot":1,"minecraft:bread":36,"minecraft:oak_sapling":1,"minecraft:iron_bars":3,"minecraft:coal":12,"minecraft:cobblestone":14},"minecraft:custom":{"lootr:looted_stat":6,"minecraft:mob_kills":12,"minecraft:interact_with_cartography_table":1,"minecraft:interact_with_crafting_table":11,"minecraft:bell_ring":8,"minecraft:leave_game":3,"minecraft:time_since_death":161965,"minecraft:sleep_in_bed":8,"minecraft:time_since_rest":4377,"minecraft:sprint_one_cm":574053,"minecraft:damage_taken":1096,"minecraft:walk_one_cm":334769,"minecraft:damage_blocked_by_shield":30,"minecraft:drop":22,"minecraft:damage_dealt":2291,"minecraft:swim_one_cm":22571,"minecraft:talked_to_villager":1,"minecraft:fly_one_cm":199077,"minecraft:crouch_one_cm":16161,"minecraft:play_time":161965,"minecraft:sneak_time":8508,"minecraft:walk_under_water_one_cm":4752,"minecraft:boat_one_cm":240908,"minecraft:jump":1859,"minecraft:walk_on_water_one_cm":23515,"minecraft:total_world_time":161965,"minecraft:fall_one_cm":31866,"minecraft:horse_one_cm":5173},"minecraft:used":{"alexsmobs:raw_catfish":5,"minecraft:iron_bars":1,"minecraft:stone_sword":94,"croptopia:lemon":4,"minecraft:stone_pickaxe":224,"croptopia:apricot":5,"minecraft:shield":1,"minecraft:iron_chestplate":1,"supernatural:gothic_iron_helmet":1,"minecraft:crafting_table":1,"minecraft:dark_oak_door":2,"supernatural:grave_soil":2,"minecraft:apple":4,"minecraft:bread":31,"quark:azalea_log":4,"minecraft:stone_axe":56,"minecraft:pink_petals":8,"croptopia:persimmon":2,"minecraft:cobblestone":4,"comforts:sleeping_bag_white":8,"alexsmobs:animal_dictionary":2,"chococraft:gysahl_green":3},"minecraft:mined":{"minecraft:podzol":28,"quark:azalea_log":4,"minecraft:cherry_log":52,"minecraft:dark_oak_log":3,"minecraft:dandelion":1,"minecraft:oak_fence":1,"minecraft:cornflower":1,"croptopia:persimmon_crop":3,"biomesoplenty:bush":1,"minecraft:grass_block":8,"minecraft:calcite":6,"croptopia:lemon_crop":5,"minecraft:cobblestone":1,"minecraft:coal_block":19,"minecraft:tall_grass":11,"minecraft:spruce_leaves":3,"minecraft:seagrass":1,"minecraft:dark_oak_door":2,"minecraft:spruce_log":5,"croptopia:peach_crop":2,"croptopia:apricot_crop":5,"minecraft:grass":150,"minecraft:coal_ore":13,"croptopia:apple_crop":4,"minecraft:iron_bars":5,"minecraft:stone":9,"minecraft:oak_leaves":5},"minecraft:crafted":{"minecraft:cherry_planks":104,"minecraft:crafting_table":1,"minecraft:spruce_planks":16,"quark:polished_calcite":4,"minecraft:stone_axe":1,"minecraft:stick":12,"minecraft:stone_pickaxe":1,"minecraft:stone_sword":2}},"DataVersion":3465}