{"stats":{"minecraft:broken":{"minecraft:stone_pickaxe":1,"minecraft:stone_sword":1},"minecraft:killed_by":{"minecraft:piglin_brute":1,"alexsmobs:crocodile":1,"minecraft:zombie":1,"minecraft:player":1,"alexsmobs:tiger":1,"minecraft:warden":2,"minecraft:skeleton":2,"monsterplus:mother_lava_squid":1},"minecraft:crafted":{"minecraft:oak_planks":28,"modernlife:light_switch":1,"minecraft:cherry_pressure_plate":12,"minecraft:cooked_chicken":1,"minecraft:cooked_mutton":6,"twilightforest:cooked_venison":5,"cfm:white_sofa":2,"quark:azalea_planks":16,"cfm:crimson_table":4,"minecraft:cooked_porkchop":10,"minecraft:crafting_table":4,"minecraft:spruce_planks":16,"cfm:crimson_bedside_cabinet":2,"minecraft:wooden_pickaxe":1,"minecraft:copper_ingot":6,"minecraft:stick":44,"quark:oak_chest":1,"minecraft:iron_ingot":7,"minecraft:iron_block":3,"minecraft:stone_sword":3,"minecraft:cherry_planks":160,"minecraft:wooden_sword":1,"minecraft:stone_shovel":1,"minecraft:coal":162,"minecraft:furnace":2,"minecraft:white_carpet":3,"minecraft:leather":1,"minecraft:stone_pickaxe":2,"croptopia:cooked_calamari":1,"minecraft:cooked_beef":9,"minecraft:crimson_planks":12,"quark:polished_calcite":4,"minecraft:stone_axe":1,"ironfurnaces:copper_furnace":1,"minecraft:oak_boat":1,"minecraft:cherry_door":6,"chococraft:chocobo_saddle":1,"minecraft:anvil":1,"minecraft:white_bed":2,"minecraft:torch":64,"minecraft:clay":6,"cfm:crimson_chair":4},"minecraft:picked_up":{"minecraft:wheat":1,"croptopia:grape_seed":2,"minecraft:diamond_sword":2,"minecraft:enchanted_book":1,"minecraft:gilded_blackstone":1,"minecraft:nether_brick":8,"quark:azalea_log":8,"minecraft:crimson_planks":4,"minecraft:string":3,"minecraft:soul_soil":10,"minecraft:raw_copper":20,"minecraft:cherry_pressure_plate":3,"minecraft:shroomlight":1,"minecraft:beetroot":1,"comforts:sleeping_bag_black":2,"alexsmobs:emu_feather":2,"minecraft:gold_nugget":22,"minecraft:cobbled_deepslate":31,"comforts:sleeping_bag_white":29,"minecraft:spruce_planks":2,"minecraft:rose_bush":22,"minecraft:written_book":1,"minecraft:calcite":9,"minecraft:azalea":3,"minecraft:iron_pickaxe":2,"minecraft:melon_slice":21,"minecraft:coal_block":24,"minecraft:furnace":1,"minecraft:dark_oak_door":4,"minecraft:stick":21,"minecraft:acacia_fence":2,"minecraft:oak_fence":1,"minecraft:torch":19,"modernlife:deluxe_bed":2,"croptopia:olive_seed":2,"minecraft:porkchop":16,"minecraft:cherry_log":91,"minecraft:stone_sword":4,"minecraft:rotten_flesh":21,"croptopia:persimmon":2,"minecraft:tropical_fish":8,"minecraft:polished_basalt":7,"alexsmobs:emu_egg":2,"minecraft:obsidian":13,"minecraft:iron_bars":3,"minecraft:cobblestone":158,"minecraft:pink_petals":456,"minecraft:magma_block":2,"minecraft:feather":2,"minecraft:cooked_beef":1,"minecraft:cherry_planks":20,"minecraft:andesite":1,"quark:polished_calcite":3,"alexsmobs:bison_fur":1,"alexsmobs:bear_fur":4,"undead_revamp2:huntereye":1,"minecraft:cherry_door":1,"minecraft:lapis_lazuli":17,"minecraft:dirt":151,"twilightforest:canopy_sapling":3,"croptopia:kiwi_seed":2,"minecraft:bone":7,"cfm:crimson_bedside_cabinet":2,"minecraft:wheat_seeds":133,"minecraft:raw_gold":7,"croptopia:roe":5,"croptopia:plum":4,"relics:hunter_belt":1,"minecraft:sand":25,"cfm:crimson_table":1,"twilightforest:canopy_log":36,"minecraft:spectral_arrow":9,"minecraft:dark_oak_log":16,"minecraft:diamond":4,"minecraft:granite":21,"minecraft:bread":110,"minecraft:rooted_dirt":5,"minecraft:oak_sapling":3,"minecraft:netherrack":36,"twilightforest:torchberries":4,"minecraft:crimson_roots":1,"minecraft:diamond_pickaxe":1,"minecraft:coarse_dirt":5,"minecraft:crafting_table":2,"minecraft:chicken":1,"croptopia:peach":11,"minecraft:clay_ball":24,"biomesoplenty:jacaranda_sapling":2,"minecraft:stripped_cherry_log":6,"ad_astra:sky_stone":8,"minecraft:shield":2,"relics:leather_belt":7,"alexsmobs:pigshoes":2,"minecraft:iron_axe":3,"minecraft:white_carpet":3,"minecraft:iron_shovel":1,"minecraft:blackstone":1,"croptopia:tomato_seed":2,"minecraft:beef":9,"minecraft:iron_nugget":7,"minecraft:egg":6,"cfm:white_sofa":1,"minecraft:dark_oak_sapling":1,"minecraft:raw_iron":45,"minecraft:cherry_stairs":23,"minecraft:copper_ingot":3,"minecraft:bowl":1,"cfm:crimson_chair":3,"minecraft:carrot":31,"minecraft:redstone":115,"twilightforest:firefly":8,"croptopia:grape":1,"minecraft:arrow":7,"minecraft:stone_shovel":2,"minecraft:beetroot_seeds":3,"minecraft:peony":10,"minecraft:shears":1,"minecraft:saddle":1,"minecraft:gold_ingot":1,"minecraft:mutton":1,"modernlife:light_switch":1,"minecraft:white_wool":2,"minecraft:basalt":42,"minecraft:crimson_stem":20,"minecraft:salmon":1,"minecraft:leather":1,"minecraft:oak_log":7,"minecraft:nether_wart_block":33,"biomesoplenty:jacaranda_planks":17,"croptopia:olive":1,"chococraft:chocobo_feather":4,"chococraft:gysahl_green":52,"minecraft:apple":19,"simplyswords:iron_warglaive":1,"minecraft:iron_ingot":34,"minecraft:stone_pickaxe":1,"minecraft:cobweb":5,"croptopia:tomato":2,"croptopia:kiwi":1,"supernatural:grave_soil":2,"minecraft:book":3,"croptopia:apricot":5,"minecraft:dandelion":2,"minecraft:gravel":15,"chococraft:gysahl_green_seeds":7,"minecraft:soul_torch":7,"minecraft:white_bed":1,"minecraft:spruce_log":4,"minecraft:spider_eye":2,"modernlife:dark_oak_picnic_table":4,"alexsmobs:raw_catfish":5,"croptopia:lemon":4,"croptopia:orange":17,"minecraft:cherry_sapling":20,"minecraft:melon_seeds":2,"minecraft:coal":44,"minecraft:ender_pearl":1},"minecraft:used":{"minecraft:peony":3,"minecraft:cherry_sapling":10,"minecraft:iron_shovel":74,"minecraft:shield":4,"minecraft:iron_chestplate":1,"minecraft:mutton":4,"minecraft:carrot":52,"minecraft:obsidian":1,"croptopia:peach":11,"minecraft:oak_sapling":1,"minecraft:furnace":1,"croptopia:roe":1,"minecraft:egg":4,"alexsmobs:raw_catfish":5,"croptopia:tomato":1,"minecraft:stone_pickaxe":334,"minecraft:ender_pearl":1,"cfm:crimson_table":2,"croptopia:orange":7,"croptopia:plum":4,"minecraft:bread":86,"minecraft:melon_slice":10,"modernlife:deluxe_bed":2,"modernlife:light_switch":2,"minecraft:gravel":8,"modernlife:dark_oak_picnic_table":4,"minecraft:diamond_sword":56,"minecraft:wooden_sword":3,"chococraft:gysahl_green":23,"supernatural:angel_statue":1,"ironfurnaces:copper_furnace":1,"minecraft:iron_bars":1,"minecraft:stone_sword":199,"minecraft:stone_shovel":77,"simplyswords:iron_warglaive":62,"minecraft:netherrack":4,"minecraft:torch":83,"supernatural:gothic_iron_helmet":1,"minecraft:dirt":138,"minecraft:anvil":1,"minecraft:white_carpet":5,"minecraft:cherry_pressure_plate":3,"minecraft:granite":12,"supernatural:grave_soil":2,"minecraft:iron_axe":247,"undead_revamp2:huntereye":1,"croptopia:persimmon":2,"minecraft:basalt":30,"minecraft:soul_soil":4,"cfm:crimson_bedside_cabinet":3,"comforts:sleeping_bag_white":26,"minecraft:cooked_beef":4,"minecraft:cobbled_deepslate":9,"croptopia:grape":1,"minecraft:cooked_mutton":6,"croptopia:lemon":4,"croptopia:apricot":5,"cfm:crimson_chair":5,"minecraft:gilded_blackstone":1,"minecraft:salmon":1,"minecraft:crafting_table":6,"minecraft:white_bed":3,"minecraft:dark_oak_door":2,"minecraft:flower_pot":1,"minecraft:diamond_pickaxe":13,"minecraft:apple":19,"minecraft:cherry_door":5,"twilightforest:firefly":2,"cfm:white_sofa":2,"ad_astra:moon_sand":2,"minecraft:suspicious_stew":1,"minecraft:iron_pickaxe":61,"quark:azalea_log":4,"minecraft:stone_axe":126,"minecraft:pink_petals":440,"minecraft:cobblestone":46,"minecraft:cooked_porkchop":4,"minecraft:porkchop":1,"quark:oak_chest":1,"alexsmobs:animal_dictionary":2,"minecraft:soul_torch":8},"minecraft:killed":{"undead_revamp2:thewolf":1,"minecraft:zombified_piglin":1,"minecraft:spider":2,"undead_revamp2:axestrom":2,"monsterplus:crystal_zombie":1,"undead_revamp2:theswarmer":2,"minecraft:skeleton":9,"minecraft:bee":2,"minecraft:chicken":1,"minecraft:piglin_brute":2,"minecraft:tropical_fish":3,"alexsmobs:triops":1,"minecraft:piglin":2,"minecraft:pig":11,"alexsmobs:grizzly_bear":1,"minecraft:zombie_villager":1,"minecraft:salmon":1,"undead_revamp2:thebeartamer":1,"minecraft:sheep":1,"minecraft:pillager":1,"minecraft:zombie":7,"minecraft:cow":3,"supernatural:vampire":2,"undead_revamp2:thegliter":1,"alexsmobs:raccoon":1,"undead_revamp2:sucker":1,"undead_revamp2:the_moonflower":1,"twilightforest:kobold":2,"alexsmobs:catfish":1},"minecraft:mined":{"minecraft:cherry_pressure_plate":2,"minecraft:white_bed":1,"quark:azalea_log":8,"croptopia:grape_crop":1,"minecraft:cherry_log":163,"minecraft:carved_pumpkin":2,"minecraft:obsidian":12,"minecraft:granite":2,"minecraft:grass_block":70,"modernlife:dark_oak_picnic_table":3,"minecraft:coal_block":25,"comforts:sleeping_bag_white":1,"minecraft:tall_seagrass":1,"minecraft:iron_ore":27,"minecraft:dark_oak_stairs":1,"cfm:crimson_table":1,"chococraft:gysahl_green":6,"croptopia:apple_crop":22,"minecraft:dirt_path":2,"minecraft:iron_bars":5,"minecraft:soul_wall_torch":9,"minecraft:blackstone":1,"biomesoplenty:jacaranda_planks":18,"minecraft:clay":7,"minecraft:torch":3,"minecraft:calcite":9,"minecraft:melon":4,"minecraft:cobblestone":9,"minecraft:wall_torch":20,"minecraft:pink_petals":81,"minecraft:seagrass":1,"minecraft:dark_oak_slab":1,"minecraft:dark_oak_door":2,"minecraft:nether_wart_block":85,"minecraft:cherry_door":1,"croptopia:apricot_crop":5,"minecraft:grass":206,"minecraft:oak_log":7,"minecraft:acacia_fence":2,"minecraft:sand":25,"minecraft:dirt":46,"minecraft:oak_leaves":26,"cfm:crimson_chair":3,"minecraft:deepslate":2,"minecraft:diamond_ore":1,"modernlife:deluxe_bed":2,"croptopia:orange_crop":17,"minecraft:stripped_cherry_log":4,"minecraft:dark_oak_log":6,"minecraft:dark_oak_fence":6,"croptopia:persimmon_crop":3,"biomesoplenty:bush":1,"minecraft:spruce_leaves":3,"minecraft:crimson_stem":20,"minecraft:redstone_ore":27,"minecraft:furnace":1,"cfm:crimson_bedside_cabinet":2,"croptopia:peach_crop":14,"minecraft:peony":1,"minecraft:bookshelf":1,"minecraft:shroomlight":2,"minecraft:deepslate_iron_ore":11,"cfm:white_sofa":1,"minecraft:stone":64,"minecraft:cherry_stairs":22,"minecraft:podzol":28,"minecraft:cherry_planks":6,"minecraft:snow_block":1,"minecraft:basalt":1,"minecraft:dandelion":1,"minecraft:oak_fence":1,"minecraft:crafting_table":2,"minecraft:cornflower":1,"croptopia:lemon_crop":5,"minecraft:copper_ore":6,"minecraft:tall_grass":17,"minecraft:lapis_ore":3,"croptopia:plum_crop":4,"minecraft:white_carpet":3,"minecraft:spruce_log":5,"minecraft:coal_ore":17,"minecraft:cherry_leaves":1,"minecraft:gravel":4,"minecraft:fern":2},"minecraft:custom":{"lootr:looted_stat":27,"minecraft:interact_with_crafting_table":57,"minecraft:bell_ring":10,"minecraft:leave_game":17,"minecraft:time_since_death":20965,"minecraft:sprint_one_cm":3033114,"minecraft:damage_blocked_by_shield":115,"minecraft:drop":234,"minecraft:talked_to_villager":5,"minecraft:play_time":769353,"minecraft:deaths":16,"minecraft:jump":10237,"minecraft:walk_on_water_one_cm":82913,"minecraft:interact_with_furnace":47,"minecraft:interact_with_cartography_table":1,"minecraft:sleep_in_bed":51,"minecraft:waystone_activated":2,"minecraft:damage_dealt":10556,"minecraft:crouch_one_cm":123642,"minecraft:interact_with_smoker":1,"minecraft:horse_one_cm":5173,"minecraft:interact_with_smithing_table":1,"minecraft:interact_with_anvil":6,"minecraft:mob_kills":67,"minecraft:damage_dealt_resisted":10,"minecraft:climb_one_cm":6411,"minecraft:walk_one_cm":1931577,"minecraft:sneak_time":53075,"minecraft:walk_under_water_one_cm":41245,"minecraft:boat_one_cm":240908,"minecraft:total_world_time":769353,"minecraft:pot_flower":1,"minecraft:time_since_rest":62,"minecraft:damage_taken":8440,"minecraft:swim_one_cm":153010,"minecraft:fly_one_cm":17495144,"minecraft:open_chest":118,"minecraft:fall_one_cm":208312},"minecraft:dropped":{"minecraft:cooked_beef":3,"minecraft:cod":3,"minecraft:emerald":4,"croptopia:tomato_seed":2,"minecraft:dirt":3,"minecraft:dark_oak_log":8,"twilightforest:firefly":7,"minecraft:mutton":3,"minecraft:gold_nugget":27,"minecraft:iron_pickaxe":1,"supernatural:animal_blood":1,"minecraft:white_wool":2,"minecraft:gold_ingot":3,"minecraft:bone":5,"supernatural:villager_blood":1,"minecraft:cherry_stairs":5,"minecraft:iron_nugget":23,"minecraft:wheat":1,"minecraft:obsidian":12,"minecraft:cherry_sapling":1,"minecraft:rotten_flesh":3,"alexsmobs:emu_egg":2,"comforts:sleeping_bag_white":2,"minecraft:basalt":1,"minecraft:arrow":6,"comforts:sleeping_bag_black":2,"minecraft:egg":2,"minecraft:bread":40,"minecraft:enchanted_book":1,"minecraft:iron_ingot":16,"minecraft:wheat_seeds":84,"minecraft:clock":2,"minecraft:cherry_log":36,"croptopia:orange":2,"chococraft:gysahl_green_seeds":1,"minecraft:tropical_fish":1,"croptopia:olive":1,"twilightforest:canopy_log":24,"minecraft:coal":3,"minecraft:stick":16,"relics:roller_skates":1,"croptopia:grape_seed":2,"minecraft:melon_slice":15,"minecraft:cherry_planks":100,"minecraft:iron_axe":3,"croptopia:kiwi":1,"minecraft:soul_soil":5,"relics:hunter_belt":1,"minecraft:stone_sword":4,"chococraft:chocobo_feather":1,"minecraft:bowl":1,"alexsmobs:pigshoes":2,"minecraft:raw_iron":27,"minecraft:stone_shovel":2,"alexsmobs:bear_fur":4,"minecraft:diamond_sword":2,"minecraft:potato":5,"minecraft:shield":2,"croptopia:kiwi_seed":2,"minecraft:spruce_planks":2,"minecraft:diamond_pickaxe":1,"minecraft:oak_sapling":2,"minecraft:spider_eye":2,"minecraft:stripped_cherry_log":6,"minecraft:stone_pickaxe":1,"undergarden:raw_gwibling":1}},"DataVersion":3465}