{"stats":{"minecraft:killed_by":{"minecraft:skeleton":1,"minecraft:zombie":1},"minecraft:broken":{"minecraft:stone_sword":1,"minecraft:stone_pickaxe":1},"minecraft:used":{"minecraft:cherry_sapling":9,"ironfurnaces:copper_furnace":1,"minecraft:stone_sword":194,"minecraft:iron_bars":1,"minecraft:stone_shovel":74,"minecraft:shield":4,"minecraft:iron_chestplate":1,"minecraft:torch":54,"supernatural:gothic_iron_helmet":1,"minecraft:dirt":103,"minecraft:mutton":4,"minecraft:granite":1,"supernatural:grave_soil":2,"croptopia:persimmon":2,"croptopia:peach":11,"minecraft:furnace":1,"minecraft:oak_sapling":1,"croptopia:roe":1,"minecraft:egg":4,"comforts:sleeping_bag_white":18,"alexsmobs:raw_catfish":5,"minecraft:cooked_mutton":6,"croptopia:lemon":4,"minecraft:stone_pickaxe":324,"croptopia:apricot":5,"minecraft:salmon":1,"minecraft:crafting_table":6,"croptopia:orange":7,"minecraft:dark_oak_door":2,"minecraft:apple":19,"minecraft:cherry_door":3,"minecraft:bread":31,"quark:azalea_log":4,"minecraft:stone_axe":126,"minecraft:pink_petals":130,"minecraft:wooden_sword":3,"minecraft:cobblestone":45,"minecraft:cooked_porkchop":4,"minecraft:porkchop":1,"chococraft:gysahl_green":9,"quark:oak_chest":1,"alexsmobs:animal_dictionary":2},"minecraft:picked_up":{"minecraft:crafting_table":2,"minecraft:wheat":1,"croptopia:peach":11,"minecraft:clay_ball":24,"biomesoplenty:jacaranda_sapling":2,"minecraft:enchanted_book":1,"minecraft:stripped_cherry_log":6,"quark:azalea_log":4,"ad_astra:sky_stone":8,"minecraft:shield":1,"minecraft:raw_copper":20,"comforts:sleeping_bag_black":1,"comforts:sleeping_bag_white":20,"minecraft:spruce_planks":2,"minecraft:calcite":9,"minecraft:coal_block":18,"minecraft:furnace":1,"minecraft:egg":4,"minecraft:dark_oak_door":4,"minecraft:dark_oak_sapling":1,"minecraft:stick":12,"minecraft:raw_iron":13,"minecraft:cherry_stairs":23,"minecraft:copper_ingot":3,"minecraft:oak_fence":1,"minecraft:torch":5,"minecraft:porkchop":5,"minecraft:cherry_log":38,"minecraft:rotten_flesh":10,"minecraft:stone_sword":3,"minecraft:arrow":5,"minecraft:stone_shovel":1,"croptopia:persimmon":2,"minecraft:gold_ingot":1,"minecraft:mutton":1,"minecraft:iron_bars":3,"minecraft:white_wool":1,"minecraft:cobblestone":76,"minecraft:pink_petals":130,"minecraft:basalt":1,"minecraft:cherry_planks":20,"minecraft:salmon":1,"quark:polished_calcite":3,"minecraft:oak_log":7,"biomesoplenty:jacaranda_planks":17,"minecraft:cherry_door":1,"minecraft:lapis_lazuli":17,"minecraft:dirt":105,"minecraft:bone":5,"chococraft:gysahl_green":9,"minecraft:apple":19,"minecraft:wheat_seeds":33,"minecraft:raw_gold":7,"minecraft:cobweb":5,"croptopia:roe":1,"supernatural:grave_soil":2,"croptopia:apricot":5,"minecraft:dandelion":2,"minecraft:gravel":3,"minecraft:sand":22,"chococraft:gysahl_green_seeds":3,"minecraft:spruce_log":4,"minecraft:dark_oak_log":16,"minecraft:spider_eye":2,"alexsmobs:raw_catfish":5,"croptopia:lemon":4,"croptopia:orange":8,"minecraft:granite":2,"minecraft:cherry_sapling":11,"minecraft:bread":36,"minecraft:oak_sapling":3,"minecraft:coal":40},"minecraft:crafted":{"minecraft:cherry_planks":136,"minecraft:wooden_sword":1,"minecraft:oak_planks":28,"minecraft:coal":162,"minecraft:stone_shovel":1,"minecraft:furnace":2,"minecraft:cooked_mutton":6,"minecraft:stone_pickaxe":2,"minecraft:cooked_porkchop":8,"minecraft:crafting_table":4,"minecraft:spruce_planks":16,"minecraft:wooden_pickaxe":1,"minecraft:copper_ingot":6,"quark:polished_calcite":4,"minecraft:stone_axe":1,"ironfurnaces:copper_furnace":1,"minecraft:stick":44,"quark:oak_chest":1,"minecraft:stone_sword":3,"minecraft:cherry_door":6,"minecraft:torch":64,"minecraft:clay":6},"minecraft:killed":{"supernatural:vampire":2,"monsterplus:crystal_zombie":1,"undead_revamp2:theswarmer":2,"minecraft:skeleton":6,"minecraft:bee":2,"minecraft:pig":5,"minecraft:zombie_villager":1,"minecraft:salmon":1,"minecraft:sheep":1,"alexsmobs:catfish":1,"minecraft:zombie":5},"minecraft:mined":{"quark:azalea_log":4,"croptopia:orange_crop":5,"minecraft:cherry_log":57,"minecraft:dark_oak_log":3,"minecraft:stripped_cherry_log":4,"minecraft:granite":2,"croptopia:persimmon_crop":3,"biomesoplenty:bush":1,"minecraft:grass_block":57,"minecraft:coal_block":19,"minecraft:spruce_leaves":3,"minecraft:tall_seagrass":1,"minecraft:furnace":1,"minecraft:iron_ore":2,"croptopia:peach_crop":14,"chococraft:gysahl_green":2,"croptopia:apple_crop":22,"minecraft:deepslate_iron_ore":11,"minecraft:iron_bars":5,"minecraft:stone":60,"minecraft:cherry_stairs":22,"minecraft:podzol":28,"minecraft:cherry_planks":6,"biomesoplenty:jacaranda_planks":18,"minecraft:snow_block":1,"minecraft:dandelion":1,"minecraft:crafting_table":2,"minecraft:oak_fence":1,"minecraft:clay":7,"minecraft:cornflower":1,"minecraft:torch":1,"minecraft:calcite":9,"croptopia:lemon_crop":5,"minecraft:tall_grass":15,"minecraft:copper_ore":6,"minecraft:cobblestone":7,"minecraft:lapis_ore":3,"minecraft:wall_torch":4,"minecraft:pink_petals":26,"minecraft:seagrass":1,"minecraft:dark_oak_door":2,"minecraft:spruce_log":5,"minecraft:cherry_door":1,"croptopia:apricot_crop":5,"minecraft:grass":191,"minecraft:oak_log":7,"minecraft:coal_ore":16,"minecraft:cherry_leaves":1,"minecraft:gravel":3,"minecraft:sand":24,"minecraft:dirt":27,"minecraft:oak_leaves":19,"minecraft:deepslate":2,"minecraft:fern":2},"minecraft:custom":{"lootr:looted_stat":7,"minecraft:mob_kills":27,"minecraft:interact_with_crafting_table":34,"minecraft:bell_ring":8,"minecraft:leave_game":7,"minecraft:time_since_death":3607,"minecraft:climb_one_cm":1379,"minecraft:sprint_one_cm":1173144,"minecraft:walk_one_cm":876709,"minecraft:damage_blocked_by_shield":115,"minecraft:drop":45,"minecraft:talked_to_villager":1,"minecraft:play_time":341705,"minecraft:deaths":4,"minecraft:sneak_time":18455,"minecraft:walk_under_water_one_cm":27146,"minecraft:boat_one_cm":240908,"minecraft:jump":4390,"minecraft:walk_on_water_one_cm":57869,"minecraft:total_world_time":341705,"minecraft:interact_with_furnace":24,"minecraft:interact_with_cartography_table":1,"minecraft:sleep_in_bed":19,"minecraft:time_since_rest":3679,"minecraft:damage_taken":2989,"minecraft:damage_dealt":5046,"minecraft:swim_one_cm":92431,"minecraft:fly_one_cm":393743,"minecraft:open_chest":30,"minecraft:crouch_one_cm":45071,"minecraft:fall_one_cm":88963,"minecraft:horse_one_cm":5173},"minecraft:dropped":{"minecraft:enchanted_book":1,"minecraft:wheat_seeds":3,"chococraft:gysahl_green_seeds":1,"minecraft:dirt":1,"minecraft:dark_oak_log":8,"minecraft:cherry_planks":100,"minecraft:bone":5,"supernatural:villager_blood":1,"minecraft:cherry_stairs":5,"minecraft:iron_nugget":9,"minecraft:stone_sword":3,"minecraft:wheat":1,"minecraft:stone_shovel":1,"minecraft:rotten_flesh":3,"minecraft:spruce_planks":2,"minecraft:oak_sapling":2,"minecraft:spider_eye":2,"minecraft:stripped_cherry_log":6,"comforts:sleeping_bag_white":1,"minecraft:arrow":4,"comforts:sleeping_bag_black":1}},"DataVersion":3465}