{"stats":{"minecraft:custom":{"lootr:looted_stat":14,"minecraft:interact_with_anvil":3,"minecraft:mob_kills":32,"minecraft:interact_with_crafting_table":48,"minecraft:bell_ring":8,"minecraft:leave_game":12,"minecraft:time_since_death":120874,"minecraft:climb_one_cm":2887,"minecraft:sprint_one_cm":1687572,"minecraft:walk_one_cm":1192624,"minecraft:damage_blocked_by_shield":115,"minecraft:drop":72,"minecraft:talked_to_villager":1,"minecraft:play_time":487077,"minecraft:deaths":8,"minecraft:sneak_time":39491,"minecraft:walk_under_water_one_cm":31835,"minecraft:boat_one_cm":240908,"minecraft:jump":5923,"minecraft:walk_on_water_one_cm":66037,"minecraft:total_world_time":487077,"minecraft:interact_with_furnace":26,"minecraft:interact_with_cartography_table":1,"minecraft:sleep_in_bed":28,"minecraft:time_since_rest":10834,"minecraft:damage_taken":4503,"minecraft:damage_dealt":5737,"minecraft:swim_one_cm":100497,"minecraft:fly_one_cm":8753165,"minecraft:open_chest":71,"minecraft:crouch_one_cm":89927,"minecraft:fall_one_cm":120460,"minecraft:horse_one_cm":5173},"minecraft:killed_by":{"minecraft:warden":2,"minecraft:skeleton":2,"minecraft:zombie":1},"minecraft:killed":{"supernatural:vampire":2,"undead_revamp2:thegliter":1,"monsterplus:crystal_zombie":1,"undead_revamp2:theswarmer":2,"minecraft:skeleton":7,"minecraft:bee":2,"minecraft:pig":5,"minecraft:zombie_villager":1,"minecraft:salmon":1,"twilightforest:kobold":2,"undead_revamp2:thebeartamer":1,"minecraft:sheep":1,"alexsmobs:catfish":1,"minecraft:zombie":5},"minecraft:mined":{"minecraft:diamond_ore":1,"minecraft:cherry_pressure_plate":2,"minecraft:white_bed":1,"quark:azalea_log":8,"croptopia:orange_crop":5,"minecraft:cherry_log":66,"minecraft:dark_oak_log":3,"minecraft:stripped_cherry_log":4,"minecraft:obsidian":12,"croptopia:persimmon_crop":3,"minecraft:granite":2,"biomesoplenty:bush":1,"minecraft:grass_block":65,"modernlife:dark_oak_picnic_table":3,"minecraft:coal_block":19,"minecraft:spruce_leaves":3,"minecraft:tall_seagrass":1,"minecraft:redstone_ore":27,"minecraft:furnace":1,"minecraft:iron_ore":27,"croptopia:peach_crop":14,"minecraft:peony":1,"chococraft:gysahl_green":2,"croptopia:apple_crop":22,"minecraft:deepslate_iron_ore":11,"minecraft:iron_bars":5,"minecraft:stone":64,"minecraft:cherry_stairs":22,"minecraft:podzol":28,"minecraft:soul_wall_torch":9,"minecraft:cherry_planks":6,"biomesoplenty:jacaranda_planks":18,"minecraft:snow_block":1,"minecraft:dandelion":1,"minecraft:crafting_table":2,"minecraft:oak_fence":1,"minecraft:clay":7,"minecraft:cornflower":1,"minecraft:torch":3,"minecraft:calcite":9,"minecraft:cobblestone":9,"croptopia:lemon_crop":5,"minecraft:copper_ore":6,"minecraft:tall_grass":17,"minecraft:lapis_ore":3,"minecraft:wall_torch":18,"minecraft:pink_petals":38,"minecraft:seagrass":1,"minecraft:dark_oak_door":2,"minecraft:white_carpet":2,"minecraft:spruce_log":5,"minecraft:cherry_door":1,"croptopia:apricot_crop":5,"minecraft:grass":203,"minecraft:oak_log":7,"minecraft:coal_ore":17,"minecraft:cherry_leaves":1,"minecraft:gravel":4,"minecraft:sand":24,"minecraft:dirt":45,"minecraft:oak_leaves":19,"minecraft:deepslate":2,"minecraft:fern":2},"minecraft:crafted":{"minecraft:cherry_planks":160,"minecraft:wooden_sword":1,"minecraft:oak_planks":28,"minecraft:coal":162,"minecraft:stone_shovel":1,"minecraft:cherry_pressure_plate":12,"minecraft:furnace":2,"minecraft:white_carpet":3,"minecraft:cooked_mutton":6,"minecraft:stone_pickaxe":2,"quark:azalea_planks":16,"minecraft:cooked_porkchop":8,"minecraft:crafting_table":4,"minecraft:spruce_planks":16,"minecraft:wooden_pickaxe":1,"minecraft:copper_ingot":6,"quark:polished_calcite":4,"minecraft:stone_axe":1,"ironfurnaces:copper_furnace":1,"minecraft:oak_boat":1,"minecraft:stick":44,"quark:oak_chest":1,"minecraft:iron_ingot":7,"minecraft:iron_block":3,"minecraft:stone_sword":3,"minecraft:cherry_door":6,"minecraft:anvil":1,"minecraft:white_bed":2,"minecraft:torch":64,"minecraft:clay":6},"minecraft:used":{"minecraft:peony":3,"minecraft:iron_bars":1,"minecraft:cherry_sapling":10,"ironfurnaces:copper_furnace":1,"minecraft:stone_sword":199,"minecraft:iron_shovel":24,"minecraft:stone_shovel":77,"simplyswords:iron_warglaive":6,"minecraft:shield":4,"minecraft:iron_chestplate":1,"minecraft:torch":82,"supernatural:gothic_iron_helmet":1,"minecraft:dirt":132,"minecraft:anvil":1,"minecraft:mutton":4,"minecraft:white_carpet":4,"minecraft:cherry_pressure_plate":3,"minecraft:carrot":45,"minecraft:granite":12,"supernatural:grave_soil":2,"minecraft:iron_axe":18,"croptopia:persimmon":2,"croptopia:peach":11,"minecraft:oak_sapling":1,"minecraft:furnace":1,"croptopia:roe":1,"minecraft:egg":4,"comforts:sleeping_bag_white":21,"minecraft:cobbled_deepslate":9,"alexsmobs:raw_catfish":5,"minecraft:cooked_mutton":6,"croptopia:lemon":4,"minecraft:stone_pickaxe":334,"croptopia:apricot":5,"minecraft:salmon":1,"minecraft:crafting_table":6,"minecraft:white_bed":3,"croptopia:orange":7,"minecraft:dark_oak_door":2,"minecraft:diamond_pickaxe":13,"minecraft:apple":19,"minecraft:cherry_door":5,"twilightforest:firefly":2,"minecraft:bread":33,"minecraft:iron_pickaxe":52,"quark:azalea_log":4,"modernlife:dark_oak_picnic_table":4,"minecraft:gravel":8,"minecraft:stone_axe":126,"minecraft:pink_petals":151,"minecraft:wooden_sword":3,"minecraft:cobblestone":46,"minecraft:porkchop":1,"minecraft:cooked_porkchop":4,"chococraft:gysahl_green":9,"quark:oak_chest":1,"alexsmobs:animal_dictionary":2,"minecraft:soul_torch":8,"supernatural:angel_statue":1},"minecraft:dropped":{"minecraft:iron_ingot":16,"chococraft:gysahl_green_seeds":1,"twilightforest:canopy_log":24,"minecraft:stick":16,"minecraft:dirt":1,"minecraft:dark_oak_log":8,"twilightforest:firefly":7,"minecraft:cherry_planks":100,"minecraft:white_wool":2,"minecraft:bone":5,"supernatural:villager_blood":1,"minecraft:cherry_stairs":5,"minecraft:iron_nugget":9,"minecraft:stone_sword":4,"minecraft:obsidian":12,"minecraft:cherry_sapling":1,"minecraft:wheat":1,"minecraft:stone_shovel":2,"minecraft:raw_iron":27,"minecraft:rotten_flesh":3,"minecraft:shield":1,"minecraft:spruce_planks":2,"minecraft:oak_sapling":2,"minecraft:spider_eye":2,"minecraft:stripped_cherry_log":6,"comforts:sleeping_bag_white":1,"minecraft:arrow":4,"minecraft:stone_pickaxe":1,"comforts:sleeping_bag_black":2,"minecraft:bread":9,"minecraft:enchanted_book":1,"minecraft:wheat_seeds":5},"minecraft:broken":{"minecraft:stone_sword":1,"minecraft:stone_pickaxe":1},"minecraft:picked_up":{"minecraft:wheat":1,"minecraft:crafting_table":2,"minecraft:coarse_dirt":5,"minecraft:clay_ball":24,"croptopia:peach":11,"minecraft:enchanted_book":1,"biomesoplenty:jacaranda_sapling":2,"minecraft:stripped_cherry_log":6,"quark:azalea_log":8,"ad_astra:sky_stone":8,"minecraft:shield":2,"minecraft:raw_copper":20,"minecraft:iron_axe":1,"minecraft:cherry_pressure_plate":3,"minecraft:white_carpet":2,"minecraft:iron_shovel":1,"comforts:sleeping_bag_black":2,"minecraft:cobbled_deepslate":31,"comforts:sleeping_bag_white":23,"minecraft:spruce_planks":2,"minecraft:rose_bush":22,"minecraft:written_book":1,"minecraft:calcite":9,"minecraft:iron_pickaxe":1,"minecraft:coal_block":18,"minecraft:egg":4,"minecraft:furnace":1,"minecraft:dark_oak_door":4,"minecraft:dark_oak_sapling":1,"minecraft:stick":14,"minecraft:raw_iron":45,"minecraft:cherry_stairs":23,"minecraft:copper_ingot":3,"minecraft:oak_fence":1,"minecraft:torch":18,"minecraft:porkchop":5,"minecraft:cherry_log":49,"minecraft:carrot":31,"minecraft:redstone":115,"twilightforest:firefly":8,"minecraft:stone_shovel":2,"minecraft:stone_sword":4,"minecraft:arrow":6,"minecraft:rotten_flesh":18,"croptopia:persimmon":2,"minecraft:peony":10,"minecraft:shears":1,"minecraft:gold_ingot":1,"minecraft:obsidian":12,"minecraft:mutton":1,"minecraft:iron_bars":3,"minecraft:white_wool":2,"minecraft:cobblestone":155,"minecraft:pink_petals":151,"minecraft:basalt":1,"minecraft:cherry_planks":20,"minecraft:andesite":1,"minecraft:salmon":1,"quark:polished_calcite":3,"alexsmobs:bison_fur":1,"minecraft:oak_log":7,"biomesoplenty:jacaranda_planks":17,"minecraft:lapis_lazuli":17,"minecraft:cherry_door":1,"minecraft:dirt":139,"twilightforest:canopy_sapling":3,"minecraft:bone":5,"chococraft:gysahl_green":9,"minecraft:apple":19,"minecraft:wheat_seeds":40,"simplyswords:iron_warglaive":1,"minecraft:raw_gold":7,"minecraft:stone_pickaxe":1,"minecraft:iron_ingot":34,"minecraft:cobweb":5,"croptopia:roe":1,"supernatural:grave_soil":2,"croptopia:apricot":5,"minecraft:dandelion":2,"minecraft:gravel":8,"minecraft:sand":22,"twilightforest:canopy_log":36,"minecraft:soul_torch":7,"chococraft:gysahl_green_seeds":3,"minecraft:white_bed":1,"minecraft:spruce_log":4,"modernlife:dark_oak_picnic_table":4,"minecraft:dark_oak_log":16,"minecraft:spider_eye":2,"alexsmobs:raw_catfish":5,"croptopia:lemon":4,"minecraft:diamond":4,"croptopia:orange":8,"minecraft:granite":21,"minecraft:cherry_sapling":13,"minecraft:bread":84,"minecraft:rooted_dirt":5,"minecraft:diamond_pickaxe":1,"minecraft:oak_sapling":3,"minecraft:coal":41,"twilightforest:torchberries":4}},"DataVersion":3465}