{"stats":{"minecraft:broken":{"minecraft:golden_shovel":1,"minecraft:stone_pickaxe":2,"minecraft:stone_axe":5,"minecraft:iron_axe":1},"minecraft:used":{"minecraft:cherry_sapling":9,"minecraft:moss_carpet":1,"minecraft:iron_shovel":164,"minecraft:poppy":2,"minecraft:shield":22,"minecraft:carrot":56,"minecraft:obsidian":1,"biomesoplenty:jacaranda_sapling":17,"croptopia:roe":12,"minecraft:egg":1,"biomesoplenty:jacaranda_fence":62,"quark:polished_calcite":12,"minecraft:diorite":3,"minecraft:stone_pickaxe":313,"minecraft:oak_planks":35,"minecraft:wooden_pickaxe":7,"framedblocks:framed_flower_pot":3,"minecraft:clay":6,"minecraft:dripstone_block":1,"biomesoplenty:jacaranda_planks":267,"croptopia:orange":7,"minecraft:bread":59,"biomesoplenty:jacaranda_boat":4,"minecraft:oak_boat":2,"minecraft:stripped_cherry_log":20,"minecraft:bone_meal":25,"minecraft:experience_bottle":1,"supernatural:angel_statue":2,"ironfurnaces:copper_furnace":1,"minecraft:iron_bars":2,"minecraft:stone_sword":83,"minecraft:flint_and_steel":1,"minecraft:spruce_planks":1,"minecraft:stone_hoe":48,"minecraft:cooked_salmon":8,"minecraft:netherrack":3,"minecraft:torch":176,"supernatural:gothic_iron_helmet":1,"minecraft:dirt":131,"simplyswords:iron_katana":118,"minecraft:golden_shovel":34,"minecraft:cherry_slab":7,"minecraft:iron_axe":257,"mcwtrpdoors:cherry_glass_trapdoor":17,"minecraft:cherry_trapdoor":16,"comforts:sleeping_bag_white":7,"minecraft:cobbled_deepslate":12,"minecraft:cherry_fence":30,"minecraft:cherry_log":23,"minecraft:iron_leggings":1,"minecraft:calcite":8,"minecraft:acacia_boat":1,"minecraft:water_bucket":13,"comforts:sleeping_bag_black":17,"minecraft:cherry_planks":249,"minecraft:crafting_table":3,"minecraft:wooden_hoe":113,"minecraft:flower_pot":2,"minecraft:apple":3,"minecraft:jungle_stairs":2,"minecraft:stone_slab":2,"minecraft:stone_axe":679,"quark:dark_oak_chest":1,"minecraft:cobblestone":61,"minecraft:cherry_stairs":397,"minecraft:bucket":14,"minecraft:glass_pane":21,"alexsmobs:animal_dictionary":22},"minecraft:picked_up":{"minecraft:iron_chestplate":1,"minecraft:flower_pot":2,"minecraft:stone_slab":2,"minecraft:enchanted_book":1,"croptopia:calamari":4,"minecraft:infested_stone":27,"minecraft:string":3,"minecraft:raw_copper":52,"minecraft:iron_leggings":1,"minecraft:armor_stand":2,"minecraft:zombie_head":1,"comforts:sleeping_bag_black":19,"minecraft:cobbled_deepslate":17,"comforts:sleeping_bag_white":14,"minecraft:spruce_planks":2,"minecraft:calcite":37,"minecraft:coal_block":29,"minecraft:iron_boots":1,"minecraft:stick":80,"minecraft:acacia_log":3,"minecraft:spruce_stairs":2,"minecraft:porkchop":4,"minecraft:cherry_log":192,"minecraft:pointed_dripstone":4,"minecraft:diorite":3,"minecraft:rotten_flesh":32,"framedblocks:framed_flower_pot":1,"alexsmobs:lobster_tail":4,"minecraft:iron_bars":2,"undead_revamp2:arapholia":2,"alexsmobs:flying_fish":1,"minecraft:cobblestone":95,"biomesoplenty:lavender":4,"minecraft:pink_petals":62,"minecraft:cherry_planks":166,"minecraft:cherry_fence":4,"supernatural:vampire_dust":3,"minecraft:lapis_lazuli":26,"minecraft:dirt":173,"minecraft:bone":10,"minecraft:wheat_seeds":34,"minecraft:raw_gold":6,"minecraft:bamboo":36,"croptopia:roe":12,"minecraft:oak_planks":33,"croptopia:chile_pepper_seed":2,"supernatural:villager_blood":1,"croptopia:plum":14,"biomesoplenty:jacaranda_boat":3,"minecraft:sand":1,"minecraft:jungle_planks":2,"minecraft:ink_sac":6,"mcwtrpdoors:cherry_glass_trapdoor":9,"minecraft:dark_oak_log":12,"croptopia:chile_pepper":1,"minecraft:bone_meal":1,"minecraft:bread":11,"supernatural:gothic_iron_helmet":1,"minecraft:oak_sapling":2,"minecraft:cherry_slab":1,"minecraft:netherrack":3,"minecraft:clay_ball":24,"biomesoplenty:jacaranda_sapling":41,"minecraft:stripped_cherry_log":20,"ad_astra:sky_stone":2,"minecraft:cornflower":1,"biomesoplenty:jacaranda_fence":30,"minecraft:red_bed":1,"minecraft:moss_carpet":1,"minecraft:oak_boat":1,"minecraft:poppy":12,"minecraft:iron_nugget":9,"minecraft:cherry_trapdoor":6,"minecraft:egg":1,"minecraft:dark_oak_sapling":7,"minecraft:raw_iron":60,"minecraft:cherry_stairs":188,"minecraft:carrot":42,"crafting_on_a_stick:crafting_table":2,"minecraft:arrow":10,"biomesoplenty:jacaranda_log":61,"minecraft:jungle_stairs":2,"minecraft:hay_block":19,"minecraft:mutton":9,"minecraft:white_wool":6,"minecraft:bone_block":15,"minecraft:oxeye_daisy":2,"minecraft:basalt":1,"minecraft:salmon":9,"supernatural:angel_statue":1,"minecraft:oak_log":15,"biomesoplenty:jacaranda_planks":106,"minecraft:gunpowder":2,"minecraft:apple":3,"alexsmobs:cockroach_wing_fragment":1,"supernatural:grave_soil":1,"minecraft:dandelion":1,"minecraft:dripstone_block":1,"chococraft:gysahl_green_seeds":1,"minecraft:spruce_sapling":4,"minecraft:spruce_log":29,"minecraft:spider_eye":2,"croptopia:lemon":1,"monsterplus:crystal_shard":3,"ironfurnaces:copper_furnace":1,"croptopia:orange":11,"minecraft:cherry_sapling":118,"minecraft:coal":46},"minecraft:crafted":{"minecraft:black_dye":4,"minecraft:oak_planks":60,"simplyswords:iron_katana":1,"minecraft:cherry_slab":6,"minecraft:glass":0,"minecraft:stone_hoe":1,"minecraft:cherry_fence":27,"minecraft:flower_pot":2,"biomesoplenty:jacaranda_planks":242,"minecraft:crafting_table":4,"minecraft:spruce_planks":12,"minecraft:wooden_pickaxe":1,"comforts:sleeping_bag_black":1,"biomesoplenty:jacaranda_fence":39,"minecraft:wooden_hoe":1,"minecraft:shield":2,"naturescompass:naturescompass":1,"minecraft:stick":44,"minecraft:iron_ingot":2,"minecraft:stone_sword":1,"minecraft:cherry_planks":568,"minecraft:coal":63,"comforts:sleeping_bag_white":2,"minecraft:bone_meal":24,"minecraft:glass_pane":32,"quark:dark_oak_chest":1,"minecraft:cherry_trapdoor":14,"framedblocks:framed_flower_pot":2,"minecraft:leather":0,"minecraft:iron_axe":1,"minecraft:cherry_stairs":212,"minecraft:stone_pickaxe":3,"minecraft:dark_oak_planks":8,"minecraft:wheat":171,"biomesoplenty:jacaranda_boat":2,"minecraft:cooked_salmon":0,"minecraft:bucket":1,"quark:polished_calcite":28,"crafting_on_a_stick:crafting_table":1,"minecraft:stone_axe":6,"minecraft:bread":63,"minecraft:acacia_boat":1,"minecraft:air":0,"minecraft:oak_boat":1,"framedblocks:framed_cube":8,"mcwtrpdoors:cherry_glass_trapdoor":10,"minecraft:iron_shovel":1,"minecraft:acacia_planks":12,"minecraft:torch":176,"minecraft:brick":0},"minecraft:killed":{"alexsmobs:lobster":8,"minecraft:cave_spider":2,"minecraft:witch":1,"monsterplus:crystal_zombie":3,"undead_revamp2:theswarmer":1,"minecraft:skeleton":7,"minecraft:bee":1,"minecraft:pig":2,"minecraft:salmon":9,"minecraft:creeper":1,"minecraft:sheep":6,"minecraft:pillager":1,"minecraft:zombie":20,"alexsmobs:terrapin":1,"supernatural:angel":1,"undead_revamp2:bomber":1,"undead_revamp2:thebidy":1,"undead_revamp2:sucker":3,"alexsmobs:flying_fish":1,"minecraft:squid":4,"alexsmobs:cockroach":1},"minecraft:custom":{"lootr:looted_stat":11,"minecraft:interact_with_crafting_table":24,"minecraft:leave_game":7,"minecraft:time_since_death":15161,"minecraft:sprint_one_cm":521600,"minecraft:damage_blocked_by_shield":420,"minecraft:drop":65,"minecraft:talked_to_villager":1,"minecraft:play_time":299849,"minecraft:deaths":3,"minecraft:jump":5719,"minecraft:interact_with_brewingstand":1,"minecraft:walk_on_water_one_cm":27646,"minecraft:interact_with_furnace":26,"minecraft:sleep_in_bed":21,"minecraft:damage_dealt":10957,"minecraft:crouch_one_cm":97304,"minecraft:interact_with_smithing_table":1,"minecraft:mob_kills":79,"minecraft:climb_one_cm":1372,"minecraft:walk_one_cm":762979,"minecraft:sneak_time":35255,"minecraft:walk_under_water_one_cm":32945,"minecraft:boat_one_cm":25907,"minecraft:total_world_time":299849,"minecraft:pot_flower":4,"minecraft:interact_with_stonecutter":1,"minecraft:time_since_rest":15185,"minecraft:damage_taken":3290,"minecraft:swim_one_cm":37413,"minecraft:fly_one_cm":950485,"minecraft:open_chest":31,"minecraft:fall_one_cm":149113},"minecraft:mined":{"undead_revamp2:arapholia":2,"minecraft:dark_oak_planks":3,"minecraft:spruce_planks":4,"minecraft:farmland":2,"minecraft:cherry_log":208,"minecraft:cherry_trapdoor":6,"minecraft:acacia_log":3,"biomesoplenty:potted_jacaranda_sapling":2,"minecraft:grass_block":95,"minecraft:coal_block":28,"minecraft:oxeye_daisy":2,"minecraft:gilded_blackstone":3,"comforts:sleeping_bag_white":4,"minecraft:iron_ore":53,"minecraft:fire":3,"biomesoplenty:lavender":4,"minecraft:pointed_dripstone":1,"minecraft:iron_bars":4,"minecraft:azalea_leaves":2,"biomesoplenty:jacaranda_leaves":4,"minecraft:red_bed":1,"biomesoplenty:jacaranda_planks":111,"ironfurnaces:copper_furnace":1,"minecraft:clay":6,"minecraft:jungle_stairs":4,"minecraft:mossy_cobblestone_wall":1,"minecraft:calcite":38,"minecraft:poppy":12,"minecraft:cobblestone":32,"minecraft:oak_planks":39,"minecraft:cherry_slab":1,"minecraft:pink_petals":26,"minecraft:cherry_fence":4,"minecraft:grass":451,"minecraft:oak_log":17,"minecraft:sand":16,"minecraft:dirt":89,"minecraft:netherrack":3,"supernatural:grave_soil":22,"minecraft:oak_leaves":9,"minecraft:deepslate":17,"biomesoplenty:watergrass":2,"minecraft:stripped_cherry_log":16,"biomesoplenty:desert_grass":3,"minecraft:dark_oak_log":20,"biomesoplenty:jacaranda_fence":30,"biomesoplenty:bush":6,"minecraft:jungle_planks":6,"minecraft:spruce_leaves":4,"biomesoplenty:jacaranda_sapling":2,"minecraft:sandstone":2,"biomesoplenty:dune_grass":6,"minecraft:hay_block":19,"biomesoplenty:jacaranda_log":61,"minecraft:carrots":9,"biomesoplenty:sea_oats":14,"minecraft:deepslate_iron_ore":3,"minecraft:vine":4,"biomesoplenty:barley":1,"minecraft:bamboo":3,"minecraft:stone":84,"minecraft:cherry_stairs":193,"ad_astra:sky_stone":12,"minecraft:podzol":6,"minecraft:glass_pane":9,"minecraft:cherry_planks":80,"minecraft:red_wool":2,"minecraft:basalt":1,"minecraft:dandelion":2,"minecraft:crafting_table":1,"minecraft:cornflower":1,"framedblocks:framed_flower_pot":1,"minecraft:stone_slab":2,"minecraft:tall_grass":41,"minecraft:copper_ore":7,"minecraft:lapis_ore":4,"minecraft:diorite":3,"minecraft:spruce_stairs":4,"minecraft:spruce_log":29,"minecraft:coal_ore":4,"minecraft:dripstone_block":1,"minecraft:fern":31,"mcwtrpdoors:cherry_glass_trapdoor":9},"minecraft:dropped":{"croptopia:chile_pepper_seed":2,"minecraft:dirt":5,"alexsmobs:flying_fish":1,"minecraft:sand":1,"minecraft:gold_ingot":1,"minecraft:armor_stand":1,"minecraft:wheat":1,"croptopia:chile_pepper":1,"minecraft:carrot":11,"minecraft:poppy":2,"minecraft:gunpowder":5,"comforts:sleeping_bag_white":8,"minecraft:basalt":1,"comforts:sleeping_bag_black":2,"minecraft:bread":39,"minecraft:wheat_seeds":2,"quark:polished_calcite":3,"supernatural:vampire_dust":1,"croptopia:orange":4,"ad_astra:sky_stone":2,"croptopia:lemon":1,"minecraft:pink_petals":64,"minecraft:shield":1,"alexsmobs:lobster_tail":4,"minecraft:spider_eye":1}},"DataVersion":3465}