{"stats":{"minecraft:dropped":{"minecraft:bread":39,"minecraft:wheat_seeds":2,"quark:polished_calcite":3,"supernatural:vampire_dust":1,"croptopia:chile_pepper_seed":2,"ad_astra:sky_stone":2,"minecraft:dirt":5,"croptopia:lemon":1,"alexsmobs:flying_fish":1,"minecraft:sand":1,"minecraft:gold_ingot":1,"minecraft:armor_stand":1,"minecraft:wheat":1,"croptopia:chile_pepper":1,"minecraft:carrot":11,"minecraft:poppy":2,"minecraft:shield":1,"alexsmobs:lobster_tail":4,"comforts:sleeping_bag_white":4,"minecraft:basalt":1,"comforts:sleeping_bag_black":2},"minecraft:broken":{"minecraft:golden_shovel":1,"minecraft:stone_axe":2},"minecraft:killed":{"alexsmobs:lobster":8,"undead_revamp2:theswarmer":1,"minecraft:skeleton":3,"minecraft:bee":1,"undead_revamp2:sucker":2,"alexsmobs:flying_fish":1,"minecraft:pig":2,"minecraft:creeper":1,"minecraft:sheep":6,"minecraft:pillager":1,"minecraft:zombie":6,"supernatural:angel":1},"minecraft:picked_up":{"minecraft:iron_chestplate":1,"minecraft:stone_slab":2,"minecraft:enchanted_book":1,"biomesoplenty:jacaranda_sapling":13,"ad_astra:sky_stone":2,"minecraft:cornflower":1,"minecraft:iron_leggings":1,"minecraft:armor_stand":2,"comforts:sleeping_bag_black":8,"comforts:sleeping_bag_white":11,"minecraft:spruce_planks":2,"minecraft:oak_boat":1,"minecraft:calcite":36,"minecraft:iron_nugget":9,"minecraft:poppy":12,"minecraft:coal_block":29,"minecraft:iron_boots":1,"minecraft:egg":1,"minecraft:dark_oak_sapling":7,"minecraft:stick":39,"minecraft:raw_iron":3,"minecraft:cherry_stairs":32,"minecraft:acacia_log":3,"minecraft:spruce_stairs":2,"minecraft:porkchop":4,"minecraft:cherry_log":78,"minecraft:carrot":11,"crafting_on_a_stick:crafting_table":1,"minecraft:arrow":6,"minecraft:rotten_flesh":18,"biomesoplenty:jacaranda_log":26,"minecraft:jungle_stairs":2,"minecraft:hay_block":19,"minecraft:mutton":9,"minecraft:white_wool":6,"minecraft:iron_bars":2,"undead_revamp2:arapholia":2,"alexsmobs:lobster_tail":4,"alexsmobs:flying_fish":1,"minecraft:cobblestone":2,"minecraft:oxeye_daisy":2,"biomesoplenty:lavender":4,"minecraft:pink_petals":62,"minecraft:basalt":1,"minecraft:cherry_planks":101,"supernatural:angel_statue":1,"minecraft:oak_log":10,"biomesoplenty:jacaranda_planks":2,"supernatural:vampire_dust":3,"minecraft:dirt":97,"minecraft:bone":5,"minecraft:apple":3,"minecraft:wheat_seeds":34,"minecraft:bamboo":12,"minecraft:oak_planks":17,"supernatural:grave_soil":1,"croptopia:chile_pepper_seed":2,"supernatural:villager_blood":1,"croptopia:plum":14,"biomesoplenty:jacaranda_boat":3,"minecraft:dandelion":1,"minecraft:sand":1,"minecraft:jungle_planks":2,"chococraft:gysahl_green_seeds":1,"minecraft:spruce_sapling":4,"minecraft:spruce_log":29,"minecraft:dark_oak_log":12,"croptopia:chile_pepper":1,"croptopia:lemon":1,"minecraft:cherry_sapling":54,"minecraft:bread":3,"minecraft:oak_sapling":1,"supernatural:gothic_iron_helmet":1,"minecraft:netherrack":3,"minecraft:coal":2},"minecraft:custom":{"minecraft:interact_with_smithing_table":1,"lootr:looted_stat":9,"minecraft:mob_kills":36,"minecraft:interact_with_crafting_table":20,"minecraft:leave_game":3,"minecraft:time_since_death":148354,"minecraft:climb_one_cm":729,"minecraft:sprint_one_cm":300881,"minecraft:walk_one_cm":264678,"minecraft:damage_blocked_by_shield":395,"minecraft:drop":57,"minecraft:talked_to_villager":1,"minecraft:play_time":148354,"minecraft:sneak_time":17565,"minecraft:walk_under_water_one_cm":12245,"minecraft:boat_one_cm":25907,"minecraft:interact_with_brewingstand":1,"minecraft:jump":3365,"minecraft:walk_on_water_one_cm":16796,"minecraft:total_world_time":148354,"minecraft:interact_with_stonecutter":1,"minecraft:sleep_in_bed":10,"minecraft:time_since_rest":3500,"minecraft:damage_taken":1316,"minecraft:damage_dealt":5540,"minecraft:swim_one_cm":21886,"minecraft:fly_one_cm":665448,"minecraft:open_chest":8,"minecraft:crouch_one_cm":42910,"minecraft:fall_one_cm":90489},"minecraft:used":{"minecraft:stone_sword":72,"minecraft:iron_bars":2,"minecraft:iron_shovel":66,"minecraft:flint_and_steel":1,"minecraft:spruce_planks":1,"minecraft:shield":21,"minecraft:netherrack":3,"supernatural:gothic_iron_helmet":1,"minecraft:dirt":70,"minecraft:carrot":13,"minecraft:golden_shovel":34,"minecraft:obsidian":1,"minecraft:iron_axe":106,"biomesoplenty:jacaranda_sapling":13,"minecraft:egg":1,"comforts:sleeping_bag_white":7,"minecraft:cherry_log":23,"minecraft:iron_leggings":1,"minecraft:calcite":8,"minecraft:acacia_boat":1,"quark:polished_calcite":12,"minecraft:stone_pickaxe":115,"comforts:sleeping_bag_black":6,"minecraft:oak_planks":20,"minecraft:wooden_pickaxe":7,"minecraft:cherry_planks":143,"minecraft:crafting_table":3,"biomesoplenty:jacaranda_planks":92,"minecraft:wooden_hoe":113,"minecraft:apple":3,"minecraft:bread":38,"minecraft:jungle_stairs":2,"minecraft:stone_slab":2,"biomesoplenty:jacaranda_boat":4,"minecraft:stone_axe":225,"quark:dark_oak_chest":1,"minecraft:cobblestone":2,"minecraft:cherry_stairs":135,"minecraft:oak_boat":2,"alexsmobs:animal_dictionary":22,"minecraft:bone_meal":15,"supernatural:angel_statue":2},"minecraft:mined":{"undead_revamp2:arapholia":2,"minecraft:dark_oak_planks":3,"minecraft:spruce_planks":4,"biomesoplenty:watergrass":2,"minecraft:cherry_log":82,"biomesoplenty:desert_grass":3,"minecraft:dark_oak_log":20,"biomesoplenty:bush":6,"minecraft:acacia_log":3,"minecraft:grass_block":65,"minecraft:jungle_planks":6,"minecraft:coal_block":28,"minecraft:spruce_leaves":4,"biomesoplenty:jacaranda_sapling":1,"minecraft:oxeye_daisy":2,"minecraft:sandstone":2,"biomesoplenty:dune_grass":6,"minecraft:gilded_blackstone":3,"comforts:sleeping_bag_white":4,"minecraft:hay_block":19,"biomesoplenty:jacaranda_log":26,"minecraft:iron_ore":3,"minecraft:fire":3,"biomesoplenty:lavender":4,"biomesoplenty:sea_oats":14,"minecraft:vine":4,"minecraft:iron_bars":4,"biomesoplenty:barley":1,"minecraft:azalea_leaves":2,"minecraft:bamboo":1,"minecraft:stone":10,"minecraft:cherry_stairs":35,"ad_astra:sky_stone":12,"minecraft:podzol":6,"biomesoplenty:jacaranda_leaves":2,"minecraft:cherry_planks":2,"minecraft:red_wool":2,"biomesoplenty:jacaranda_planks":2,"minecraft:basalt":1,"minecraft:dandelion":2,"minecraft:cornflower":1,"minecraft:jungle_stairs":4,"minecraft:calcite":36,"minecraft:mossy_cobblestone_wall":1,"minecraft:poppy":12,"minecraft:stone_slab":2,"minecraft:tall_grass":38,"minecraft:cobblestone":1,"minecraft:oak_planks":23,"minecraft:pink_petals":26,"minecraft:spruce_stairs":4,"minecraft:spruce_log":29,"minecraft:grass":432,"minecraft:oak_log":12,"minecraft:coal_ore":2,"minecraft:sand":16,"minecraft:dirt":34,"supernatural:grave_soil":22,"minecraft:netherrack":3,"minecraft:oak_leaves":9,"minecraft:fern":29},"minecraft:crafted":{"minecraft:cherry_planks":216,"minecraft:black_dye":4,"minecraft:oak_planks":40,"comforts:sleeping_bag_white":2,"minecraft:bone_meal":15,"quark:dark_oak_chest":1,"minecraft:iron_axe":1,"minecraft:cherry_stairs":116,"minecraft:stone_pickaxe":1,"minecraft:dark_oak_planks":8,"minecraft:wheat":171,"biomesoplenty:jacaranda_planks":104,"biomesoplenty:jacaranda_boat":2,"minecraft:crafting_table":4,"minecraft:spruce_planks":12,"minecraft:wooden_pickaxe":1,"quark:polished_calcite":28,"crafting_on_a_stick:crafting_table":1,"comforts:sleeping_bag_black":1,"minecraft:stone_axe":2,"minecraft:acacia_boat":1,"minecraft:bread":63,"minecraft:oak_boat":1,"minecraft:wooden_hoe":1,"minecraft:shield":2,"naturescompass:naturescompass":1,"minecraft:stick":8,"minecraft:iron_ingot":2,"minecraft:stone_sword":1,"minecraft:iron_shovel":1,"minecraft:acacia_planks":12}},"DataVersion":3465}