{"stats":{"minecraft:dropped":{"minecraft:lapis_lazuli":26,"minecraft:diamond":1,"minecraft:rooted_dirt":2,"croptopia:chile_pepper_seed":2,"minecraft:dirt":5,"minecraft:cornflower":1,"alexsmobs:flying_fish":1,"minecraft:sand":1,"minecraft:iron_pickaxe":2,"minecraft:gold_ingot":1,"minecraft:armor_stand":1,"minecraft:cobbled_deepslate":48,"minecraft:wheat":1,"croptopia:chile_pepper":1,"quark:shale":50,"minecraft:carrot":43,"minecraft:poppy":2,"minecraft:gunpowder":5,"comforts:sleeping_bag_white":8,"minecraft:basalt":1,"comforts:sleeping_bag_black":2,"minecraft:iron_ingot":26,"minecraft:bread":39,"minecraft:wheat_seeds":3,"quark:polished_calcite":3,"supernatural:vampire_dust":1,"minecraft:lead":1,"croptopia:orange":4,"minecraft:cobblestone":4,"ad_astra:sky_stone":2,"minecraft:gray_wool":2,"croptopia:lemon":1,"minecraft:rose_bush":21,"minecraft:iron_axe":1,"minecraft:iron_shovel":1,"minecraft:pink_petals":64,"minecraft:bucket":1,"minecraft:shears":1,"minecraft:pumpkin_seeds":3,"minecraft:shield":1,"alexsmobs:lobster_tail":4,"minecraft:peony":9,"minecraft:andesite":1,"minecraft:spider_eye":1,"simplyswords:iron_warglaive":1,"minecraft:brick":15},"minecraft:broken":{"minecraft:golden_shovel":1,"minecraft:stone_pickaxe":4,"minecraft:stone_axe":5,"minecraft:iron_axe":1},"minecraft:killed":{"twilightforest:hostile_wolf":2,"alexsmobs:lobster":8,"minecraft:cave_spider":2,"minecraft:witch":1,"minecraft:spider":1,"monsterplus:crystal_zombie":4,"undead_revamp2:theswarmer":1,"minecraft:skeleton":10,"minecraft:bee":1,"minecraft:silverfish":2,"minecraft:pig":2,"minecraft:salmon":9,"twilightforest:raven":1,"minecraft:creeper":1,"minecraft:sheep":6,"minecraft:pillager":1,"minecraft:zombie":20,"alexsmobs:terrapin":1,"supernatural:angel":1,"twilightforest:deer":3,"undead_revamp2:bomber":1,"twilightforest:hedge_spider":5,"undead_revamp2:thebidy":1,"undead_revamp2:sucker":3,"alexsmobs:flying_fish":1,"undead_revamp2:the_moonflower":1,"twilightforest:kobold":11,"minecraft:squid":4,"alexsmobs:cockroach":1},"minecraft:picked_up":{"minecraft:iron_chestplate":1,"minecraft:wheat":6,"minecraft:flower_pot":2,"minecraft:stone_slab":2,"minecraft:lead":1,"minecraft:enchanted_book":1,"croptopia:calamari":4,"minecraft:infested_stone":27,"minecraft:string":9,"minecraft:raw_copper":52,"minecraft:iron_leggings":1,"minecraft:armor_stand":2,"minecraft:zombie_head":1,"minecraft:sculk_shrieker":1,"comforts:sleeping_bag_black":22,"minecraft:deepslate_tiles":1,"minecraft:gold_nugget":2,"minecraft:cobbled_deepslate":76,"minecraft:bucket":1,"comforts:sleeping_bag_white":14,"minecraft:spruce_planks":2,"minecraft:written_book":2,"minecraft:rose_bush":21,"minecraft:calcite":37,"minecraft:iron_pickaxe":1,"minecraft:coal_block":29,"minecraft:iron_boots":1,"minecraft:stick":122,"minecraft:torch":4,"minecraft:acacia_log":3,"minecraft:spruce_stairs":2,"minecraft:porkchop":4,"minecraft:cherry_log":195,"minecraft:pointed_dripstone":4,"minecraft:diorite":3,"minecraft:rotten_flesh":33,"framedblocks:framed_flower_pot":1,"alexsmobs:emu_egg":1,"minecraft:iron_bars":2,"undead_revamp2:arapholia":2,"alexsmobs:lobster_tail":4,"alexsmobs:flying_fish":1,"minecraft:cobblestone":212,"biomesoplenty:lavender":4,"minecraft:pink_petals":67,"minecraft:cherry_planks":166,"minecraft:andesite":1,"alexsmobs:bison_fur":3,"minecraft:cherry_fence":4,"supernatural:vampire_dust":3,"minecraft:lapis_lazuli":112,"minecraft:cherry_door":2,"minecraft:dirt":220,"twilightforest:canopy_sapling":16,"minecraft:bone":14,"minecraft:bow":1,"minecraft:wheat_seeds":37,"minecraft:raw_gold":8,"minecraft:bamboo":36,"croptopia:roe":12,"minecraft:oak_planks":33,"croptopia:chile_pepper_seed":2,"supernatural:villager_blood":1,"croptopia:plum":14,"quark:shale":116,"biomesoplenty:jacaranda_boat":3,"minecraft:jungle_planks":2,"minecraft:sand":1,"twilightforest:canopy_log":38,"minecraft:ink_sac":6,"mcwtrpdoors:cherry_glass_trapdoor":9,"minecraft:dark_oak_log":12,"croptopia:chile_pepper":1,"minecraft:bone_meal":1,"minecraft:bread":11,"minecraft:rooted_dirt":3,"supernatural:gothic_iron_helmet":1,"minecraft:oak_sapling":2,"minecraft:cherry_slab":1,"minecraft:netherrack":3,"twilightforest:torchberries":19,"minecraft:clay_ball":24,"biomesoplenty:jacaranda_sapling":41,"minecraft:stripped_cherry_log":20,"ad_astra:sky_stone":2,"minecraft:brick":15,"minecraft:cornflower":1,"minecraft:red_bed":1,"biomesoplenty:jacaranda_fence":34,"minecraft:moss_carpet":1,"minecraft:cyan_carpet":4,"minecraft:oak_boat":1,"minecraft:iron_nugget":9,"minecraft:poppy":20,"minecraft:cherry_trapdoor":6,"minecraft:egg":1,"minecraft:dark_oak_sapling":7,"minecraft:raw_iron":109,"minecraft:cherry_stairs":188,"minecraft:carrot":163,"twilightforest:firefly":2,"minecraft:dark_oak_planks":4,"crafting_on_a_stick:crafting_table":3,"minecraft:arrow":13,"biomesoplenty:jacaranda_log":61,"minecraft:peony":9,"minecraft:jungle_stairs":2,"minecraft:deepslate_bricks":1,"minecraft:hay_block":19,"minecraft:mutton":9,"minecraft:white_wool":17,"minecraft:bone_block":15,"minecraft:oxeye_daisy":2,"minecraft:basalt":1,"minecraft:salmon":9,"minecraft:leather":2,"supernatural:angel_statue":1,"minecraft:oak_log":15,"biomesoplenty:jacaranda_planks":106,"minecraft:gunpowder":2,"twilightforest:liveroot":4,"twilightforest:raw_venison":6,"minecraft:apple":3,"alexsmobs:cockroach_wing_fragment":1,"minecraft:iron_ingot":9,"supernatural:grave_soil":1,"minecraft:dandelion":1,"minecraft:dripstone_block":1,"chococraft:gysahl_green_seeds":1,"minecraft:spruce_sapling":4,"minecraft:spruce_log":29,"minecraft:spider_eye":6,"croptopia:lemon":1,"minecraft:sculk_sensor":6,"monsterplus:crystal_shard":3,"ironfurnaces:copper_furnace":1,"twilightforest:raven_feather":2,"croptopia:orange":11,"minecraft:cherry_sapling":125,"minecraft:gray_wool":2,"minecraft:coal":50},"minecraft:custom":{"lootr:looted_stat":19,"minecraft:interact_with_crafting_table":52,"twilightforest:torchberries_harvested":22,"minecraft:leave_game":10,"minecraft:time_since_death":90232,"minecraft:sprint_one_cm":732441,"minecraft:damage_blocked_by_shield":420,"minecraft:drop":97,"minecraft:talked_to_villager":1,"minecraft:play_time":411772,"minecraft:deaths":6,"minecraft:jump":7819,"minecraft:interact_with_brewingstand":1,"minecraft:walk_on_water_one_cm":30668,"minecraft:interact_with_furnace":67,"minecraft:sleep_in_bed":25,"minecraft:damage_dealt":16009,"minecraft:crouch_one_cm":164122,"minecraft:interact_with_smithing_table":1,"minecraft:mob_kills":110,"minecraft:climb_one_cm":2353,"minecraft:walk_one_cm":1004803,"minecraft:sneak_time":50525,"minecraft:walk_under_water_one_cm":36165,"minecraft:boat_one_cm":25907,"minecraft:total_world_time":411772,"minecraft:pot_flower":4,"minecraft:interact_with_stonecutter":1,"minecraft:time_since_rest":7965,"minecraft:damage_taken":4601,"minecraft:swim_one_cm":41170,"minecraft:fly_one_cm":3357122,"minecraft:open_chest":182,"minecraft:fall_one_cm":193112},"minecraft:used":{"minecraft:cherry_sapling":9,"minecraft:moss_carpet":1,"minecraft:iron_shovel":251,"minecraft:poppy":10,"minecraft:diamond_hoe":12,"quark:shale":14,"minecraft:shield":22,"minecraft:carrot":131,"ironchest:iron_chest":2,"minecraft:obsidian":1,"biomesoplenty:jacaranda_sapling":17,"ironfurnaces:iron_furnace":1,"minecraft:written_book":1,"croptopia:roe":12,"minecraft:egg":1,"biomesoplenty:jacaranda_fence":66,"quark:polished_calcite":12,"minecraft:diorite":3,"minecraft:stone_pickaxe":638,"minecraft:infested_stone":11,"minecraft:oak_planks":35,"minecraft:wooden_pickaxe":7,"framedblocks:framed_flower_pot":3,"minecraft:clay":6,"minecraft:dripstone_block":1,"biomesoplenty:jacaranda_planks":267,"croptopia:orange":7,"minecraft:zombie_head":1,"minecraft:bread":59,"minecraft:cyan_carpet":4,"biomesoplenty:jacaranda_boat":4,"ironchest:iron_to_gold_chest_upgrade":1,"minecraft:stripped_cherry_log":20,"minecraft:oak_boat":2,"minecraft:bone_meal":25,"supernatural:angel_statue":2,"minecraft:experience_bottle":1,"ironchest:wood_to_iron_chest_upgrade":1,"ironfurnaces:copper_furnace":1,"minecraft:iron_bars":2,"minecraft:stone_sword":83,"minecraft:flint_and_steel":1,"minecraft:spruce_planks":1,"minecraft:cooked_salmon":8,"minecraft:stone_hoe":48,"minecraft:netherrack":3,"minecraft:torch":354,"supernatural:gothic_iron_helmet":1,"minecraft:dirt":133,"simplyswords:iron_katana":220,"minecraft:golden_shovel":34,"mcwtrpdoors:cherry_glass_trapdoor":17,"minecraft:iron_axe":332,"minecraft:cherry_slab":7,"minecraft:cherry_trapdoor":16,"minecraft:golden_carrot":2,"croptopia:cooked_calamari":4,"comforts:sleeping_bag_white":7,"minecraft:cobbled_deepslate":17,"minecraft:cherry_fence":30,"minecraft:cherry_log":23,"minecraft:iron_leggings":1,"minecraft:calcite":8,"minecraft:acacia_boat":1,"minecraft:water_bucket":17,"comforts:sleeping_bag_black":20,"minecraft:cherry_planks":249,"minecraft:deepslate_bricks":1,"minecraft:crafting_table":3,"minecraft:wooden_hoe":113,"minecraft:flower_pot":2,"minecraft:apple":3,"minecraft:iron_pickaxe":163,"minecraft:jungle_stairs":2,"minecraft:stone_slab":2,"minecraft:stone_axe":687,"minecraft:pink_petals":5,"quark:dark_oak_chest":1,"minecraft:cobblestone":69,"minecraft:cherry_stairs":397,"minecraft:bucket":17,"minecraft:glass_pane":21,"alexsmobs:animal_dictionary":25,"alexsmobs:emu_egg":1},"minecraft:killed_by":{"minecraft:warden":3},"minecraft:mined":{"undead_revamp2:arapholia":2,"minecraft:dark_oak_planks":7,"minecraft:spruce_planks":4,"minecraft:farmland":2,"minecraft:cherry_log":208,"minecraft:cherry_trapdoor":6,"minecraft:granite":19,"minecraft:acacia_log":3,"biomesoplenty:potted_jacaranda_sapling":2,"minecraft:grass_block":110,"minecraft:deepslate_bricks":1,"minecraft:coal_block":28,"minecraft:oxeye_daisy":2,"minecraft:gilded_blackstone":3,"minecraft:spawner":5,"comforts:sleeping_bag_white":4,"minecraft:fire":3,"minecraft:iron_ore":76,"minecraft:cobbled_deepslate":4,"biomesoplenty:lavender":4,"minecraft:sculk_shrieker":3,"minecraft:pointed_dripstone":1,"minecraft:iron_bars":4,"minecraft:azalea_leaves":2,"biomesoplenty:jacaranda_leaves":4,"minecraft:red_bed":1,"biomesoplenty:jacaranda_planks":111,"twilightforest:torchberry_plant":1,"twilightforest:liveroot_block":4,"minecraft:clay":6,"ironfurnaces:copper_furnace":1,"minecraft:torch":1,"minecraft:jungle_stairs":4,"minecraft:calcite":38,"minecraft:mossy_cobblestone_wall":1,"minecraft:poppy":20,"minecraft:cobblestone":34,"minecraft:oak_planks":39,"minecraft:wall_torch":4,"minecraft:cherry_slab":1,"minecraft:pink_petals":27,"minecraft:cherry_fence":4,"minecraft:cherry_door":2,"twilightforest:root":4,"minecraft:grass":472,"minecraft:oak_log":17,"minecraft:sand":16,"minecraft:dirt":139,"twilightforest:canopy_log":63,"supernatural:grave_soil":22,"minecraft:netherrack":3,"minecraft:oak_leaves":9,"minecraft:deepslate":74,"twilightforest:firefly":1,"minecraft:deepslate_tiles":1,"minecraft:diamond_ore":3,"biomesoplenty:watergrass":2,"quark:shale":68,"minecraft:stripped_cherry_log":16,"biomesoplenty:desert_grass":3,"minecraft:dark_oak_log":20,"biomesoplenty:jacaranda_fence":34,"biomesoplenty:bush":6,"minecraft:jungle_planks":6,"minecraft:spruce_leaves":4,"minecraft:rooted_dirt":8,"biomesoplenty:jacaranda_sapling":2,"minecraft:sandstone":2,"biomesoplenty:dune_grass":6,"minecraft:hay_block":19,"biomesoplenty:jacaranda_log":61,"minecraft:carrots":9,"minecraft:andesite":17,"minecraft:peony":9,"biomesoplenty:sea_oats":14,"minecraft:deepslate_iron_ore":9,"minecraft:vine":4,"biomesoplenty:barley":1,"minecraft:bamboo":3,"minecraft:stone":326,"minecraft:cherry_stairs":193,"ad_astra:sky_stone":12,"minecraft:podzol":6,"minecraft:glass_pane":9,"minecraft:cherry_planks":80,"minecraft:red_wool":2,"minecraft:basalt":1,"minecraft:dandelion":2,"minecraft:crafting_table":1,"minecraft:cornflower":1,"framedblocks:framed_flower_pot":1,"minecraft:rose_bush":24,"minecraft:sculk_sensor":8,"minecraft:stone_slab":2,"minecraft:copper_ore":7,"minecraft:tall_grass":45,"minecraft:lapis_ore":14,"twilightforest:mayapple":1,"minecraft:diorite":16,"minecraft:spruce_stairs":4,"minecraft:gray_wool":1,"minecraft:coarse_dirt":6,"minecraft:spruce_log":29,"minecraft:coal_ore":10,"minecraft:gravel":5,"minecraft:dripstone_block":2,"minecraft:gold_ore":2,"minecraft:fern":32,"minecraft:infested_stone":1,"mcwtrpdoors:cherry_glass_trapdoor":9},"minecraft:crafted":{"minecraft:black_dye":4,"minecraft:oak_planks":60,"simplyswords:iron_katana":1,"minecraft:cherry_slab":6,"ironfurnaces:iron_furnace":1,"quark:deepslate_furnace":1,"minecraft:glass":0,"minecraft:stone_hoe":1,"minecraft:cherry_fence":27,"minecraft:flower_pot":2,"biomesoplenty:jacaranda_planks":242,"minecraft:crafting_table":4,"minecraft:spruce_planks":12,"minecraft:wooden_pickaxe":1,"comforts:sleeping_bag_black":1,"biomesoplenty:jacaranda_fence":39,"minecraft:wooden_hoe":1,"minecraft:shield":2,"naturescompass:naturescompass":1,"minecraft:stick":56,"quark:oak_chest":2,"minecraft:iron_ingot":2,"minecraft:iron_pickaxe":2,"minecraft:stone_sword":1,"minecraft:gold_ingot":7,"twilightforest:ironwood_ingot":0,"minecraft:shears":2,"minecraft:golden_carrot":12,"minecraft:cherry_planks":568,"minecraft:coal":63,"tropicraft:bamboo_stick":18,"minecraft:iron_nugget":9,"comforts:sleeping_bag_white":2,"minecraft:furnace":1,"minecraft:bone_meal":24,"simplyswords:iron_warglaive":1,"minecraft:glass_pane":32,"quark:dark_oak_chest":1,"minecraft:cherry_trapdoor":14,"framedblocks:framed_flower_pot":2,"minecraft:leather":0,"minecraft:iron_axe":3,"minecraft:cherry_stairs":212,"minecraft:stone_pickaxe":5,"croptopia:cooked_calamari":0,"knavesneeds:twilight_forest/ironwood/halberd":1,"minecraft:dark_oak_planks":8,"minecraft:wheat":171,"twilightforest:raw_ironwood":8,"ironchest:wood_to_iron_chest_upgrade":1,"biomesoplenty:jacaranda_boat":2,"minecraft:cooked_salmon":0,"quark:polished_calcite":28,"minecraft:bucket":1,"crafting_on_a_stick:crafting_table":1,"minecraft:stone_axe":6,"minecraft:bread":63,"minecraft:acacia_boat":1,"minecraft:air":0,"minecraft:oak_boat":1,"ironchest:iron_to_gold_chest_upgrade":1,"framedblocks:framed_cube":8,"mcwtrpdoors:cherry_glass_trapdoor":10,"minecraft:gold_nugget":162,"minecraft:iron_shovel":2,"minecraft:acacia_planks":12,"minecraft:torch":350,"ironchest:iron_chest":2,"minecraft:brick":15}},"DataVersion":3465}