{"stats":{"minecraft:dropped":{"minecraft:crimson_stem":10,"minecraft:lapis_lazuli":26,"minecraft:cooked_beef":1,"minecraft:ender_pearl":1,"minecraft:diamond":1,"minecraft:rooted_dirt":2,"minecraft:saddle":1,"croptopia:chile_pepper_seed":2,"minecraft:gold_block":1,"minecraft:dirt":6,"relics:leather_belt":2,"minecraft:cornflower":1,"alexsmobs:flying_fish":1,"minecraft:sand":1,"minecraft:iron_pickaxe":2,"croptopia:calamari":1,"minecraft:gold_ingot":32,"minecraft:armor_stand":1,"modernlife:dark_oak_picnic_table":1,"minecraft:iron_nugget":3,"minecraft:cobbled_deepslate":48,"minecraft:obsidian":1,"minecraft:wheat":1,"minecraft:rotten_flesh":2,"croptopia:chile_pepper":1,"quark:shale":50,"minecraft:carrot":43,"minecraft:poppy":2,"minecraft:gunpowder":5,"comforts:sleeping_bag_white":8,"minecraft:basalt":45,"minecraft:bread":89,"minecraft:crimson_planks":8,"minecraft:egg":1,"knavesneeds:twilight_forest/ironwood/halberd":1,"comforts:sleeping_bag_black":2,"minecraft:iron_ingot":26,"minecraft:wheat_seeds":13,"minecraft:lead":1,"quark:polished_calcite":3,"croptopia:orange":4,"minecraft:cobblestone":4,"supernatural:vampire_dust":1,"chococraft:gysahl_green_seeds":2,"minecraft:stick":1,"ad_astra:sky_stone":2,"minecraft:gray_wool":2,"croptopia:lemon":1,"chococraft:chocobo_drumstick_raw":1,"minecraft:rose_bush":21,"minecraft:iron_axe":1,"minecraft:iron_shovel":1,"minecraft:pink_petals":64,"minecraft:bucket":1,"chococraft:chocobo_feather":1,"minecraft:shears":3,"minecraft:pumpkin_seeds":3,"minecraft:shield":3,"alexsmobs:lobster_tail":4,"minecraft:peony":9,"minecraft:diamond_pickaxe":1,"minecraft:andesite":1,"minecraft:spider_eye":1,"undergarden:raw_gwibling":1,"simplyswords:iron_warglaive":1,"minecraft:soul_sand":6,"chococraft:gysahl_green":35,"minecraft:brick":15},"minecraft:broken":{"minecraft:iron_shovel":1,"minecraft:golden_shovel":1,"minecraft:stone_pickaxe":4,"minecraft:stone_axe":5,"supernatural:gothic_iron_helmet":1,"minecraft:iron_axe":1},"minecraft:killed":{"undead_revamp2:thewolf":1,"twilightforest:hostile_wolf":2,"alexsmobs:lobster":8,"minecraft:cave_spider":2,"minecraft:witch":1,"minecraft:spider":2,"undead_revamp2:axestrom":2,"monsterplus:crystal_zombie":4,"undead_revamp2:theswarmer":1,"minecraft:skeleton":12,"minecraft:bee":1,"minecraft:chicken":1,"alexsmobs:straddler":1,"minecraft:silverfish":2,"undead_revamp2:thespectre":1,"minecraft:piglin_brute":6,"undead_revamp2:thespitter":1,"minecraft:piglin":6,"minecraft:pig":2,"alexsmobs:grizzly_bear":3,"minecraft:salmon":9,"alexsmobs:stradpole":2,"twilightforest:raven":1,"minecraft:creeper":2,"minecraft:sheep":6,"minecraft:pillager":3,"minecraft:zombie":23,"alexsmobs:terrapin":1,"minecraft:ghast":2,"monsterplus:lava_squid":2,"supernatural:angel":1,"minecraft:cow":3,"chococraft:chocobo":3,"twilightforest:deer":3,"undead_revamp2:thehunter":5,"alexsmobs:tiger":2,"alexsmobs:raccoon":1,"alexsmobs:seagull":1,"undead_revamp2:bomber":2,"twilightforest:hedge_spider":5,"undead_revamp2:thebidy":1,"undead_revamp2:sucker":5,"alexsmobs:flying_fish":1,"quark:foxhound":2,"undead_revamp2:the_moonflower":1,"twilightforest:kobold":11,"minecraft:squid":4,"alexsmobs:cockroach":1,"quark:wraith":1,"minecraft:enderman":1},"minecraft:picked_up":{"biomesoplenty:burning_blossom":3,"minecraft:iron_chestplate":1,"chococraft:loverly_gysahl_green":10,"minecraft:wheat":6,"minecraft:lead":7,"minecraft:flower_pot":2,"croptopia:broccoli":1,"minecraft:stone_slab":2,"minecraft:potion":1,"minecraft:enchanted_book":1,"minecraft:gilded_blackstone":29,"croptopia:calamari":5,"minecraft:infested_stone":27,"quark:azalea_log":4,"minecraft:crimson_planks":4,"minecraft:string":9,"minecraft:raw_copper":52,"minecraft:soul_soil":4,"minecraft:iron_leggings":1,"minecraft:armor_stand":2,"minecraft:zombie_head":1,"minecraft:sculk_shrieker":1,"alexsmobs:dropbear_claw":2,"comforts:sleeping_bag_black":24,"minecraft:deepslate_tiles":1,"minecraft:gold_nugget":31,"minecraft:cobbled_deepslate":76,"minecraft:bucket":1,"comforts:sleeping_bag_white":14,"minecraft:spruce_planks":2,"minecraft:azalea":6,"minecraft:rose_bush":21,"minecraft:written_book":2,"minecraft:calcite":37,"minecraft:iron_pickaxe":1,"alexsmobs:raccoon_tail":1,"minecraft:coal_block":29,"minecraft:iron_boots":1,"minecraft:stick":140,"minecraft:torch":8,"minecraft:acacia_log":3,"minecraft:spruce_stairs":2,"minecraft:porkchop":4,"minecraft:cherry_log":217,"minecraft:pointed_dripstone":4,"twilightforest:firefly_particle_spawner":4,"minecraft:diorite":3,"minecraft:rotten_flesh":47,"framedblocks:framed_flower_pot":1,"minecraft:glowstone":18,"chococraft:chocobo_drumstick_cooked":1,"alexsmobs:emu_egg":1,"chococraft:chocobo_drumstick_raw":3,"minecraft:obsidian":16,"undead_revamp2:arapholia":3,"minecraft:iron_bars":2,"minecraft:cod":3,"alexsmobs:flying_fish":1,"alexsmobs:lobster_tail":4,"minecraft:cobblestone":217,"biomesoplenty:lavender":4,"undergarden:raw_gwibling":1,"minecraft:pink_petals":79,"minecraft:magma_block":4,"minecraft:cherry_planks":168,"croptopia:broccoli_seed":1,"minecraft:andesite":1,"minecraft:black_bed":1,"alexsmobs:bear_fur":3,"alexsmobs:bison_fur":6,"minecraft:cherry_fence":8,"undead_revamp2:huntereye":1,"supernatural:vampire_dust":3,"minecraft:lapis_lazuli":112,"minecraft:cherry_door":2,"minecraft:dirt":307,"twilightforest:canopy_sapling":16,"minecraft:glass":1,"minecraft:bone":15,"knavesneeds:twilight_forest/ironwood/halberd":1,"minecraft:bow":1,"minecraft:wheat_seeds":64,"minecraft:raw_gold":8,"quark:soul_bead":1,"minecraft:bamboo":36,"croptopia:roe":12,"minecraft:oak_planks":33,"croptopia:chile_pepper_seed":2,"supernatural:villager_blood":1,"relics:hunter_belt":6,"croptopia:plum":14,"quark:shale":116,"biomesoplenty:jacaranda_boat":3,"minecraft:sand":1,"minecraft:jungle_planks":2,"twilightforest:canopy_log":41,"minecraft:ink_sac":7,"minecraft:spectral_arrow":6,"mcwtrpdoors:cherry_glass_trapdoor":9,"minecraft:dark_oak_log":12,"croptopia:chile_pepper":1,"twilightforest:canopy_planks":3,"minecraft:bone_meal":1,"minecraft:emerald":2,"minecraft:bread":23,"minecraft:rooted_dirt":3,"minecraft:oak_sapling":5,"supernatural:gothic_iron_helmet":1,"minecraft:cherry_slab":1,"minecraft:netherrack":36,"twilightforest:torchberries":19,"minecraft:crimson_roots":2,"minecraft:diamond_pickaxe":1,"minecraft:clay_ball":24,"minecraft:brown_mushroom":2,"minecraft:gold_block":3,"biomesoplenty:jacaranda_sapling":52,"minecraft:stripped_cherry_log":20,"alexsmobs:pigshoes":1,"ad_astra:sky_stone":2,"minecraft:shield":2,"minecraft:brick":15,"minecraft:cornflower":1,"biomesoplenty:jacaranda_fence":36,"relics:leather_belt":1,"minecraft:red_bed":1,"minecraft:moss_carpet":1,"minecraft:blackstone":34,"minecraft:cyan_carpet":4,"minecraft:beef":4,"minecraft:oak_boat":1,"croptopia:pepper_seed":2,"minecraft:iron_nugget":9,"minecraft:poppy":21,"minecraft:lectern":2,"minecraft:sugar_cane":9,"minecraft:cherry_trapdoor":6,"minecraft:egg":4,"minecraft:dark_oak_sapling":7,"minecraft:raw_iron":109,"minecraft:cherry_stairs":188,"minecraft:raw_gold_block":1,"minecraft:fire_charge":1,"minecraft:carrot":322,"twilightforest:firefly":4,"minecraft:dark_oak_planks":4,"crafting_on_a_stick:crafting_table":3,"minecraft:arrow":15,"biomesoplenty:jacaranda_log":81,"minecraft:jungle_stairs":2,"minecraft:peony":9,"minecraft:shears":2,"minecraft:deepslate_bricks":1,"minecraft:hay_block":65,"minecraft:gold_ingot":8,"croptopia:pepper":1,"minecraft:mutton":9,"minecraft:bone_block":15,"minecraft:oxeye_daisy":3,"minecraft:white_wool":22,"minecraft:basalt":98,"minecraft:crimson_stem":5,"minecraft:salmon":9,"minecraft:leather":14,"supernatural:angel_statue":1,"minecraft:oak_log":32,"minecraft:ancient_debris":1,"biomesoplenty:jacaranda_planks":106,"minecraft:gunpowder":4,"twilightforest:liveroot":4,"chococraft:chocobo_feather":9,"twilightforest:raw_venison":6,"chococraft:gysahl_green":120,"minecraft:apple":25,"chococraft:gold_gysahl":2,"alexsmobs:cockroach_wing_fragment":1,"minecraft:iron_ingot":9,"supernatural:grave_soil":1,"minecraft:soul_sand":7,"minecraft:pink_bed":1,"minecraft:quartz":26,"minecraft:red_wool":3,"minecraft:dandelion":3,"minecraft:raw_iron_block":1,"minecraft:dripstone_block":1,"minecraft:gravel":59,"minecraft:spruce_sapling":4,"chococraft:gysahl_green_seeds":50,"minecraft:soul_torch":2,"minecraft:white_bed":2,"minecraft:spruce_log":29,"minecraft:crying_obsidian":9,"minecraft:spider_eye":6,"modernlife:dark_oak_picnic_table":2,"croptopia:lemon":1,"minecraft:sculk_sensor":6,"monsterplus:crystal_shard":3,"ironfurnaces:copper_furnace":1,"twilightforest:raven_feather":2,"croptopia:orange":11,"minecraft:cherry_sapling":135,"minecraft:gray_wool":2,"minecraft:ender_pearl":2,"minecraft:coal":61},"minecraft:custom":{"lootr:looted_stat":25,"minecraft:animals_bred":1,"minecraft:interact_with_crafting_table":83,"twilightforest:torchberries_harvested":22,"minecraft:leave_game":14,"minecraft:time_since_death":92766,"minecraft:sprint_one_cm":1215799,"minecraft:damage_blocked_by_shield":420,"minecraft:drop":148,"minecraft:talked_to_villager":1,"minecraft:play_time":611572,"minecraft:deaths":9,"minecraft:jump":12757,"minecraft:interact_with_brewingstand":1,"minecraft:walk_on_water_one_cm":35727,"minecraft:interact_with_furnace":93,"minecraft:interact_with_loom":1,"minecraft:sleep_in_bed":45,"minecraft:damage_dealt":28967,"minecraft:player_kills":1,"minecraft:crouch_one_cm":201743,"minecraft:interact_with_smoker":1,"minecraft:interact_with_smithing_table":1,"minecraft:interact_with_anvil":4,"minecraft:mob_kills":171,"minecraft:damage_dealt_resisted":133,"minecraft:climb_one_cm":5962,"minecraft:walk_one_cm":1403193,"minecraft:sneak_time":61975,"minecraft:walk_under_water_one_cm":39394,"minecraft:boat_one_cm":25907,"minecraft:total_world_time":611572,"minecraft:pot_flower":5,"minecraft:interact_with_stonecutter":1,"minecraft:time_since_rest":778,"minecraft:damage_taken":8731,"minecraft:swim_one_cm":54014,"minecraft:fly_one_cm":8446865,"minecraft:open_chest":430,"minecraft:fall_one_cm":357318},"minecraft:used":{"minecraft:cherry_sapling":16,"minecraft:moss_carpet":1,"minecraft:iron_shovel":292,"minecraft:poppy":11,"minecraft:diamond_hoe":89,"quark:shale":14,"minecraft:shield":22,"alexscaves:cooked_lanternfish":1,"chococraft:chocobo_drumstick_cooked":1,"minecraft:carrot":152,"ironchest:iron_chest":2,"minecraft:obsidian":16,"minecraft:lava_bucket":3,"biomesoplenty:jacaranda_sapling":17,"ironfurnaces:iron_furnace":1,"minecraft:bow":29,"minecraft:written_book":1,"croptopia:roe":12,"minecraft:egg":2,"biomesoplenty:jacaranda_fence":68,"quark:polished_calcite":12,"minecraft:diorite":3,"relics:researching_table":1,"minecraft:stone_pickaxe":638,"minecraft:infested_stone":11,"minecraft:oak_planks":35,"minecraft:blackstone":28,"minecraft:wooden_pickaxe":7,"framedblocks:framed_flower_pot":3,"minecraft:clay":6,"minecraft:black_bed":1,"minecraft:dripstone_block":1,"biomesoplenty:jacaranda_planks":267,"croptopia:orange":7,"minecraft:bread":119,"minecraft:zombie_head":1,"minecraft:cyan_carpet":4,"modernlife:deluxe_bed":1,"biomesoplenty:jacaranda_boat":4,"ironchest:iron_to_gold_chest_upgrade":1,"quark:soul_bead":13,"minecraft:gravel":2,"modernlife:dark_oak_picnic_table":2,"minecraft:stripped_cherry_log":20,"minecraft:oak_boat":2,"supernatural:angel_statue":2,"minecraft:bone_meal":60,"minecraft:experience_bottle":1,"twilightforest:canopy_planks":21,"minecraft:azalea":6,"ironchest:wood_to_iron_chest_upgrade":1,"ironfurnaces:copper_furnace":1,"minecraft:iron_bars":2,"minecraft:stone_sword":83,"minecraft:flint_and_steel":4,"minecraft:spruce_planks":1,"minecraft:cooked_salmon":8,"minecraft:stone_hoe":48,"knavesneeds:twilight_forest/ironwood/halberd":169,"minecraft:netherrack":34,"minecraft:torch":358,"supernatural:gothic_iron_helmet":1,"minecraft:dirt":231,"simplyswords:iron_katana":220,"minecraft:golden_shovel":34,"minecraft:iron_axe":504,"minecraft:cherry_slab":7,"mcwtrpdoors:cherry_glass_trapdoor":17,"minecraft:cherry_trapdoor":16,"chococraft:yellow_chocobo_spawn_egg":3,"minecraft:basalt":53,"minecraft:golden_carrot":12,"minecraft:cooked_beef":5,"croptopia:cooked_calamari":4,"undead_revamp2:arapholia":1,"comforts:sleeping_bag_white":7,"minecraft:cobbled_deepslate":17,"minecraft:cherry_fence":34,"minecraft:cherry_log":23,"biomesoplenty:burning_blossom":1,"minecraft:iron_leggings":1,"minecraft:calcite":8,"minecraft:acacia_boat":1,"minecraft:water_bucket":37,"comforts:sleeping_bag_black":22,"minecraft:cherry_planks":259,"twilightforest:firefly_particle_spawner":5,"minecraft:deepslate_bricks":1,"minecraft:crafting_table":3,"twilightforest:canopy_log":19,"minecraft:oak_log":4,"minecraft:wooden_hoe":113,"minecraft:flower_pot":2,"minecraft:diamond_pickaxe":245,"minecraft:apple":6,"minecraft:iron_pickaxe":196,"minecraft:jungle_stairs":2,"minecraft:stone_slab":2,"minecraft:stone_axe":687,"minecraft:pink_petals":6,"minecraft:pink_bed":1,"quark:dark_oak_chest":1,"minecraft:cobblestone":257,"minecraft:cherry_stairs":397,"minecraft:bucket":41,"minecraft:glass_pane":21,"alexsmobs:animal_dictionary":32,"minecraft:soul_torch":2,"alexsmobs:emu_egg":1},"minecraft:killed_by":{"minecraft:warden":3,"monsterplus:mother_lava_squid":1},"minecraft:mined":{"undead_revamp2:arapholia":3,"minecraft:dark_oak_planks":7,"minecraft:spruce_planks":4,"minecraft:white_bed":2,"quark:azalea_log":4,"minecraft:farmland":2,"minecraft:pink_bed":1,"minecraft:cherry_log":224,"minecraft:obsidian":4,"biomesoplenty:burning_blossom":3,"minecraft:cherry_trapdoor":6,"minecraft:granite":19,"biomesoplenty:potted_jacaranda_sapling":2,"minecraft:acacia_log":3,"minecraft:grass_block":159,"modernlife:dark_oak_picnic_table":2,"minecraft:deepslate_bricks":1,"minecraft:coal_block":28,"minecraft:oxeye_daisy":3,"minecraft:gilded_blackstone":49,"minecraft:spawner":7,"comforts:sleeping_bag_white":4,"minecraft:magma_block":5,"minecraft:raw_iron_block":1,"minecraft:glowstone":18,"minecraft:iron_ore":76,"minecraft:cobbled_deepslate":4,"minecraft:fire":65,"biomesoplenty:lavender":4,"minecraft:sculk_shrieker":3,"chococraft:gysahl_green":4,"minecraft:pointed_dripstone":1,"minecraft:iron_bars":4,"minecraft:azalea":1,"minecraft:azalea_leaves":3,"biomesoplenty:jacaranda_leaves":5,"minecraft:soul_wall_torch":1,"minecraft:brown_mushroom":1,"minecraft:red_bed":1,"minecraft:blackstone":12,"biomesoplenty:jacaranda_planks":111,"minecraft:soul_fire":24,"twilightforest:torchberry_plant":1,"twilightforest:liveroot_block":4,"minecraft:clay":6,"ironfurnaces:copper_furnace":1,"minecraft:torch":1,"twilightforest:firefly_particle_spawner":4,"minecraft:jungle_stairs":4,"minecraft:mossy_cobblestone_wall":1,"minecraft:calcite":38,"minecraft:poppy":23,"minecraft:mushroom_stem":83,"minecraft:nether_quartz_ore":16,"croptopia:broccoli_crop":1,"minecraft:cobblestone":41,"minecraft:sugar_cane":4,"minecraft:oak_planks":39,"minecraft:wall_torch":4,"minecraft:cherry_slab":1,"minecraft:pink_petals":34,"minecraft:cherry_fence":8,"minecraft:cherry_door":2,"twilightforest:root":4,"minecraft:black_bed":1,"minecraft:grass":639,"minecraft:oak_log":35,"minecraft:sand":16,"minecraft:dirt":153,"minecraft:ancient_debris":1,"minecraft:nether_gold_ore":4,"supernatural:grave_soil":22,"twilightforest:canopy_log":66,"minecraft:netherrack":47,"minecraft:oak_leaves":22,"minecraft:deepslate":74,"twilightforest:firefly":3,"minecraft:deepslate_tiles":1,"minecraft:diamond_ore":3,"minecraft:crying_obsidian":5,"biomesoplenty:watergrass":2,"quark:shale":68,"minecraft:dark_oak_log":20,"biomesoplenty:desert_grass":3,"minecraft:cherry_sapling":1,"minecraft:stripped_cherry_log":16,"biomesoplenty:jacaranda_fence":36,"biomesoplenty:bush":6,"minecraft:jungle_planks":6,"minecraft:crimson_roots":3,"biomesoplenty:dead_grass":1,"minecraft:spruce_leaves":4,"biomesoplenty:dune_grass":6,"minecraft:sandstone":2,"biomesoplenty:jacaranda_sapling":2,"minecraft:rooted_dirt":8,"minecraft:hay_block":65,"biomesoplenty:jacaranda_log":81,"minecraft:carrots":9,"minecraft:raw_gold_block":1,"minecraft:polished_basalt":1,"twilightforest:canopy_planks":3,"minecraft:andesite":17,"biomesoplenty:willow_vine":1,"minecraft:gold_block":2,"minecraft:peony":9,"biomesoplenty:sea_oats":14,"minecraft:deepslate_iron_ore":9,"minecraft:vine":4,"biomesoplenty:barley":1,"minecraft:bamboo":3,"minecraft:stone":335,"minecraft:cherry_stairs":193,"ad_astra:sky_stone":12,"minecraft:podzol":6,"minecraft:glass_pane":9,"minecraft:red_wool":2,"minecraft:cherry_planks":82,"minecraft:soul_sand":1,"minecraft:basalt":103,"minecraft:dandelion":3,"minecraft:crafting_table":1,"minecraft:cornflower":1,"framedblocks:framed_flower_pot":1,"minecraft:rose_bush":24,"minecraft:sculk_sensor":8,"minecraft:lectern":2,"minecraft:stone_slab":2,"minecraft:tall_grass":81,"minecraft:copper_ore":7,"biomesoplenty:sprout":5,"minecraft:lapis_ore":14,"twilightforest:mayapple":1,"minecraft:diorite":16,"minecraft:spruce_stairs":4,"minecraft:gray_wool":1,"minecraft:coarse_dirt":6,"minecraft:spruce_log":29,"minecraft:birch_leaves":2,"minecraft:coal_ore":18,"minecraft:gravel":5,"minecraft:dripstone_block":2,"minecraft:gold_ore":2,"minecraft:fern":35,"minecraft:infested_stone":1,"mcwtrpdoors:cherry_glass_trapdoor":9},"minecraft:crafted":{"minecraft:black_dye":5,"modernlife:dark_oak_picnic_table":1,"minecraft:oak_planks":60,"simplyswords:iron_katana":1,"minecraft:cherry_slab":6,"minecraft:pink_bed":1,"ironfurnaces:iron_furnace":1,"quark:deepslate_furnace":1,"twilightforest:firefly_jar":1,"minecraft:glass":0,"minecraft:bow":1,"minecraft:stone_hoe":1,"minecraft:cherry_fence":27,"minecraft:flower_pot":2,"quark:azalea_planks":4,"minecraft:glass_bottle":3,"biomesoplenty:jacaranda_planks":322,"minecraft:crafting_table":5,"minecraft:spruce_planks":12,"minecraft:wooden_pickaxe":1,"chococraft:chocopedia":1,"minecraft:gold_block":1,"comforts:sleeping_bag_black":1,"biomesoplenty:jacaranda_fence":99,"undead_revamp2:flightsack":1,"modernlife:deluxe_bed":1,"minecraft:dark_oak_slab":6,"minecraft:book":2,"minecraft:wooden_hoe":1,"minecraft:paper":3,"minecraft:diamond_pickaxe":1,"minecraft:shield":2,"naturescompass:naturescompass":1,"minecraft:stick":188,"quark:oak_chest":2,"minecraft:iron_ingot":2,"minecraft:iron_pickaxe":2,"minecraft:stone_sword":1,"minecraft:gold_ingot":27,"minecraft:black_bed":1,"minecraft:light_gray_dye":1,"twilightforest:ironwood_ingot":0,"minecraft:shears":2,"minecraft:golden_carrot":12,"minecraft:cherry_planks":600,"croptopia:apple_sapling":1,"minecraft:coal":63,"tropicraft:bamboo_stick":18,"minecraft:iron_nugget":9,"comforts:sleeping_bag_white":2,"minecraft:furnace":1,"minecraft:bone_meal":60,"simplyswords:iron_warglaive":1,"minecraft:pink_dye":2,"twilightforest:firefly_particle_spawner":1,"minecraft:glass_pane":32,"quark:dark_oak_chest":1,"minecraft:cherry_trapdoor":14,"framedblocks:framed_flower_pot":2,"minecraft:leather":0,"minecraft:iron_axe":3,"relics:researching_table":1,"minecraft:cherry_stairs":212,"minecraft:stone_pickaxe":5,"twilightforest:canopy_planks":100,"croptopia:cooked_calamari":0,"knavesneeds:twilight_forest/ironwood/halberd":1,"minecraft:dark_oak_planks":16,"minecraft:wheat":585,"croptopia:guide":1,"minecraft:cooked_beef":0,"minecraft:red_dye":2,"twilightforest:raw_ironwood":8,"ironchest:wood_to_iron_chest_upgrade":1,"biomesoplenty:jacaranda_boat":2,"minecraft:cooked_salmon":0,"minecraft:bucket":1,"quark:polished_calcite":28,"crafting_on_a_stick:crafting_table":2,"minecraft:stone_axe":6,"minecraft:air":0,"minecraft:acacia_boat":1,"minecraft:bread":158,"minecraft:oak_boat":1,"ironchest:iron_to_gold_chest_upgrade":1,"framedblocks:framed_cube":8,"mcwtrpdoors:cherry_glass_trapdoor":10,"minecraft:gold_nugget":162,"minecraft:white_dye":1,"minecraft:iron_shovel":3,"chococraft:chocobo_saddle":2,"minecraft:acacia_planks":12,"minecraft:torch":350,"ironchest:iron_chest":2,"minecraft:brick":15}},"DataVersion":3465}