{"stats":{"minecraft:killed_by":{"minecraft:warden":3,"monsterplus:mother_lava_squid":1},"minecraft:broken":{"minecraft:iron_boots":1,"minecraft:iron_axe":1,"minecraft:iron_shovel":1,"minecraft:golden_shovel":1,"minecraft:stone_pickaxe":4,"minecraft:stone_axe":5,"supernatural:gothic_iron_helmet":1},"minecraft:picked_up":{"minecraft:iron_chestplate":1,"minecraft:flower_pot":2,"croptopia:grape_seed":4,"minecraft:lead":7,"minecraft:stone_slab":2,"minecraft:enchanted_book":1,"croptopia:calamari":6,"minecraft:infested_stone":27,"quark:azalea_log":4,"minecraft:string":9,"minecraft:soul_soil":4,"minecraft:sculk_shrieker":1,"comforts:sleeping_bag_black":30,"minecraft:gold_nugget":43,"minecraft:cobbled_deepslate":76,"minecraft:spruce_planks":2,"minecraft:written_book":2,"minecraft:melon_slice":15,"minecraft:coal_block":119,"minecraft:acacia_log":3,"minecraft:cherry_log":291,"twilightforest:firefly_particle_spawner":4,"minecraft:tropical_fish":28,"minecraft:polished_basalt":1,"framedblocks:framed_flower_pot":1,"minecraft:glowstone":18,"minecraft:iron_bars":2,"alexsmobs:lobster_tail":4,"alexsmobs:flying_fish":1,"biomesoplenty:lavender":4,"undergarden:raw_gwibling":1,"minecraft:magma_block":4,"minecraft:cooked_beef":3,"alexsmobs:bison_fur":6,"minecraft:cherry_fence":8,"supernatural:vampire_dust":3,"minecraft:cherry_door":2,"twilightforest:canopy_sapling":16,"croptopia:kiwi_seed":2,"knavesneeds:twilight_forest/ironwood/halberd":1,"quark:soul_bead":1,"croptopia:roe":12,"croptopia:plum":14,"relics:hunter_belt":6,"twilightforest:canopy_log":41,"minecraft:ink_sac":9,"minecraft:dark_oak_log":12,"croptopia:chile_pepper":1,"twilightforest:canopy_planks":3,"minecraft:bread":23,"minecraft:rooted_dirt":3,"supernatural:gothic_iron_helmet":1,"minecraft:cherry_slab":1,"minecraft:dark_oak_fence":6,"minecraft:crimson_roots":2,"minecraft:diamond_pickaxe":1,"minecraft:clay_ball":24,"biomesoplenty:jacaranda_sapling":52,"minecraft:stripped_cherry_log":20,"minecraft:cornflower":1,"minecraft:red_bed":1,"relics:leather_belt":1,"alexsmobs:pigshoes":1,"minecraft:beef":7,"minecraft:poppy":21,"croptopia:pepper_seed":2,"minecraft:iron_nugget":16,"minecraft:egg":5,"cfm:white_sofa":1,"minecraft:raw_gold_block":1,"minecraft:fire_charge":1,"minecraft:carrot":328,"supernatural:animal_blood":4,"twilightforest:firefly":4,"crafting_on_a_stick:crafting_table":3,"biomesoplenty:jacaranda_log":81,"minecraft:beetroot_seeds":1,"minecraft:peony":9,"minecraft:shears":2,"minecraft:deepslate_bricks":1,"minecraft:hay_block":98,"minecraft:gold_ingot":11,"croptopia:pepper":1,"minecraft:mutton":12,"modernlife:light_switch":8,"minecraft:white_wool":22,"minecraft:bone_block":32,"minecraft:oxeye_daisy":3,"minecraft:clock":3,"supernatural:angel_statue":1,"minecraft:oak_log":33,"minecraft:ancient_debris":1,"twilightforest:liveroot":4,"chococraft:chocobo_feather":10,"croptopia:olive":1,"twilightforest:raw_venison":6,"chococraft:gysahl_green":120,"minecraft:apple":25,"alexsmobs:cockroach_wing_fragment":1,"relics:infinity_ham":3,"supernatural:grave_soil":1,"minecraft:red_wool":3,"minecraft:gravel":59,"minecraft:spruce_sapling":4,"minecraft:spruce_log":29,"minecraft:crying_obsidian":9,"twilightforest:raven_feather":2,"croptopia:orange":13,"minecraft:gray_wool":2,"minecraft:melon_seeds":2,"minecraft:ender_pearl":2,"chococraft:loverly_gysahl_green":10,"biomesoplenty:burning_blossom":3,"minecraft:wheat":10,"croptopia:broccoli":1,"minecraft:potion":1,"minecraft:gilded_blackstone":29,"minecraft:crimson_planks":4,"minecraft:raw_copper":52,"minecraft:iron_leggings":1,"minecraft:armor_stand":2,"minecraft:zombie_head":1,"alexsmobs:dropbear_claw":2,"minecraft:deepslate_tiles":1,"minecraft:bucket":1,"comforts:sleeping_bag_white":14,"minecraft:rose_bush":21,"minecraft:calcite":37,"minecraft:azalea":6,"minecraft:iron_pickaxe":1,"alexsmobs:raccoon_tail":1,"minecraft:iron_boots":1,"minecraft:stick":175,"minecraft:torch":9,"minecraft:spruce_stairs":2,"minecraft:porkchop":4,"minecraft:pointed_dripstone":4,"minecraft:diorite":3,"minecraft:rotten_flesh":55,"alexsmobs:emu_egg":2,"chococraft:chocobo_drumstick_cooked":1,"chococraft:chocobo_drumstick_raw":3,"minecraft:obsidian":20,"undead_revamp2:arapholia":4,"minecraft:cod":3,"minecraft:cobblestone":239,"minecraft:pink_petals":144,"relics:roller_skates":2,"minecraft:cherry_planks":170,"croptopia:broccoli_seed":1,"minecraft:andesite":1,"minecraft:black_bed":1,"minecraft:potato":8,"alexsmobs:bear_fur":6,"undead_revamp2:huntereye":1,"minecraft:lapis_lazuli":112,"minecraft:dirt":395,"minecraft:glass":1,"minecraft:bone":16,"minecraft:bow":1,"minecraft:wheat_seeds":102,"minecraft:raw_gold":8,"minecraft:bamboo":36,"minecraft:oak_planks":33,"croptopia:chile_pepper_seed":2,"supernatural:villager_blood":1,"quark:shale":116,"biomesoplenty:jacaranda_boat":3,"minecraft:jungle_planks":2,"minecraft:sand":4,"minecraft:spectral_arrow":6,"mcwtrpdoors:cherry_glass_trapdoor":9,"waystones:waystone":3,"alexsmobs:rattlesnake_rattle":1,"minecraft:bone_meal":1,"minecraft:emerald":4,"minecraft:oak_sapling":5,"minecraft:netherrack":39,"twilightforest:torchberries":19,"minecraft:brown_mushroom":2,"alexsmobs:roadrunner_feather":1,"minecraft:gold_block":10,"ad_astra:sky_stone":8,"minecraft:brick":15,"minecraft:shield":2,"minecraft:iron_axe":1,"biomesoplenty:jacaranda_fence":36,"minecraft:moss_carpet":1,"minecraft:item_frame":6,"minecraft:cyan_carpet":4,"minecraft:blackstone":37,"minecraft:oak_boat":1,"minecraft:lectern":2,"minecraft:sugar_cane":20,"minecraft:cherry_trapdoor":6,"minecraft:dark_oak_sapling":7,"minecraft:raw_iron":109,"minecraft:cherry_stairs":188,"minecraft:dark_oak_planks":4,"minecraft:arrow":15,"minecraft:jungle_stairs":2,"biomesoplenty:orange_sandstone":10,"minecraft:basalt":221,"minecraft:crimson_stem":5,"minecraft:salmon":9,"minecraft:leather":14,"biomesoplenty:jacaranda_planks":106,"minecraft:gunpowder":6,"chococraft:gold_gysahl":2,"minecraft:iron_ingot":9,"minecraft:soul_sand":7,"croptopia:kiwi":1,"minecraft:pink_bed":1,"minecraft:quartz":28,"minecraft:dandelion":3,"minecraft:raw_iron_block":1,"minecraft:dripstone_block":1,"minecraft:amethyst_shard":5,"minecraft:soul_torch":2,"chococraft:gysahl_green_seeds":50,"minecraft:blast_furnace":1,"minecraft:white_bed":2,"minecraft:spider_eye":6,"modernlife:dark_oak_picnic_table":2,"croptopia:lemon":1,"minecraft:sculk_sensor":6,"monsterplus:crystal_shard":3,"ironfurnaces:copper_furnace":1,"minecraft:cherry_sapling":175,"minecraft:coal":72},"minecraft:crafted":{"minecraft:black_dye":5,"modernlife:dark_oak_picnic_table":1,"minecraft:pink_bed":1,"ironfurnaces:iron_furnace":1,"quark:deepslate_furnace":1,"minecraft:cooked_mutton":0,"minecraft:glass":3,"labellingcontainers:label_printer":2,"minecraft:flower_pot":2,"minecraft:glass_bottle":6,"minecraft:emerald":7,"minecraft:cooked_porkchop":0,"minecraft:smithing_table":1,"minecraft:copper_ingot":0,"comforts:sleeping_bag_black":1,"modernlife:deluxe_bed":1,"minecraft:wooden_hoe":1,"naturescompass:naturescompass":1,"quark:oak_chest":2,"minecraft:iron_pickaxe":2,"minecraft:gold_ingot":99,"minecraft:light_gray_dye":1,"minecraft:golden_carrot":23,"tropicraft:bamboo_stick":18,"minecraft:iron_nugget":9,"comforts:sleeping_bag_white":2,"minecraft:bone_meal":60,"minecraft:pink_dye":2,"twilightforest:firefly_particle_spawner":1,"minecraft:cherry_trapdoor":14,"framedblocks:framed_flower_pot":2,"minecraft:cherry_stairs":212,"minecraft:stone_pickaxe":5,"twilightforest:canopy_planks":100,"knavesneeds:twilight_forest/ironwood/halberd":1,"minecraft:dark_oak_planks":16,"minecraft:wheat":738,"twilightforest:raw_ironwood":8,"ironchest:gold_chest":2,"ironchest:wood_to_iron_chest_upgrade":2,"biomesoplenty:jacaranda_boat":2,"quark:polished_calcite":28,"ironchest:iron_to_gold_chest_upgrade":3,"mcwtrpdoors:cherry_glass_trapdoor":10,"minecraft:iron_shovel":3,"chococraft:chocobo_saddle":2,"twilightforest:ironwood_helmet":1,"minecraft:brick":15,"minecraft:oak_planks":64,"simplyswords:iron_katana":1,"minecraft:cherry_slab":6,"minecraft:stone":0,"quark:cherry_chest":3,"twilightforest:firefly_jar":1,"twilightforest:cooked_venison":0,"minecraft:bow":2,"minecraft:chest":1,"minecraft:cherry_fence":27,"minecraft:stone_hoe":1,"minecraft:stone_bricks":4,"quark:azalea_planks":4,"minecraft:item_frame":1,"sophisticatedbackpacks:backpack":1,"biomesoplenty:jacaranda_planks":322,"minecraft:crafting_table":6,"minecraft:spruce_planks":12,"minecraft:wooden_pickaxe":1,"chococraft:chocopedia":1,"minecraft:gold_block":1,"biomesoplenty:jacaranda_fence":99,"undead_revamp2:flightsack":1,"simplyswords:diamond_katana":1,"minecraft:dark_oak_slab":6,"minecraft:book":2,"minecraft:paper":6,"minecraft:diamond_pickaxe":1,"minecraft:shield":2,"minecraft:stick":188,"minecraft:iron_ingot":2,"minecraft:stone_sword":1,"minecraft:black_bed":1,"twilightforest:ironwood_ingot":0,"minecraft:shears":2,"minecraft:cherry_planks":628,"croptopia:apple_sapling":1,"minecraft:coal":616,"minecraft:furnace":2,"simplyswords:iron_warglaive":1,"minecraft:glass_pane":32,"quark:dark_oak_chest":1,"minecraft:leather":0,"minecraft:iron_axe":3,"relics:researching_table":1,"croptopia:cooked_calamari":0,"croptopia:guide":1,"minecraft:cooked_beef":0,"minecraft:red_dye":2,"minecraft:cooked_cod":0,"minecraft:cooked_salmon":0,"minecraft:bucket":1,"crafting_on_a_stick:crafting_table":3,"minecraft:stone_axe":6,"minecraft:acacia_boat":1,"minecraft:bread":158,"minecraft:air":0,"minecraft:oak_boat":1,"framedblocks:framed_cube":8,"minecraft:gold_nugget":252,"minecraft:white_dye":1,"minecraft:acacia_planks":12,"minecraft:torch":350,"ironchest:iron_chest":4},"minecraft:used":{"alexsmobs:emu_egg":2,"minecraft:poppy":11,"quark:shale":14,"alexscaves:cooked_lanternfish":1,"ironchest:iron_chest":2,"minecraft:lava_bucket":3,"biomesoplenty:jacaranda_sapling":17,"ironfurnaces:iron_furnace":1,"minecraft:bow":35,"minecraft:furnace":1,"minecraft:egg":3,"quark:polished_calcite":12,"minecraft:diorite":3,"minecraft:infested_stone":11,"labellingcontainers:label_printer":2,"minecraft:blackstone":29,"minecraft:wooden_pickaxe":7,"minecraft:clay":6,"biomesoplenty:jacaranda_planks":267,"croptopia:orange":7,"minecraft:zombie_head":1,"minecraft:cyan_carpet":4,"biomesoplenty:jacaranda_boat":4,"modernlife:dark_oak_picnic_table":2,"minecraft:smithing_table":1,"minecraft:dark_oak_fence":6,"minecraft:oak_boat":2,"supernatural:angel_statue":2,"ironchest:wood_to_iron_chest_upgrade":2,"ironfurnaces:copper_furnace":1,"minecraft:iron_bars":2,"minecraft:stone_sword":83,"minecraft:cooked_salmon":8,"minecraft:netherrack":35,"minecraft:torch":359,"simplyswords:iron_katana":220,"minecraft:golden_shovel":34,"minecraft:iron_axe":506,"minecraft:cherry_slab":7,"chococraft:yellow_chocobo_spawn_egg":3,"minecraft:basalt":165,"croptopia:cooked_calamari":4,"undead_revamp2:arapholia":1,"comforts:sleeping_bag_white":7,"minecraft:cobbled_deepslate":17,"minecraft:cherry_fence":34,"minecraft:cherry_log":23,"minecraft:calcite":8,"minecraft:water_bucket":50,"minecraft:cherry_planks":259,"minecraft:deepslate_bricks":1,"twilightforest:firefly_particle_spawner":5,"minecraft:crafting_table":3,"minecraft:oak_log":4,"minecraft:diamond_pickaxe":619,"cfm:white_sofa":1,"minecraft:iron_pickaxe":196,"ad_astra:sky_stone":6,"minecraft:pink_bed":1,"quark:dark_oak_chest":1,"twilightforest:ironwood_helmet":1,"minecraft:cobblestone":258,"minecraft:cooked_porkchop":7,"minecraft:glass_pane":21,"minecraft:cherry_sapling":16,"minecraft:moss_carpet":1,"minecraft:iron_shovel":416,"minecraft:diamond_hoe":168,"minecraft:polished_basalt":1,"minecraft:shield":22,"chococraft:chocobo_drumstick_cooked":1,"minecraft:carrot":161,"minecraft:obsidian":20,"twilightforest:cooked_venison":1,"minecraft:item_frame":7,"minecraft:hay_block":3,"minecraft:written_book":1,"croptopia:roe":12,"biomesoplenty:jacaranda_fence":68,"relics:researching_table":1,"minecraft:stone_pickaxe":638,"minecraft:oak_planks":35,"framedblocks:framed_flower_pot":3,"minecraft:sugar_cane":3,"minecraft:dripstone_block":1,"minecraft:black_bed":1,"waystones:waystone":2,"minecraft:bread":127,"modernlife:deluxe_bed":1,"modernlife:light_switch":7,"ironchest:iron_to_gold_chest_upgrade":3,"quark:soul_bead":13,"minecraft:gravel":2,"minecraft:stripped_cherry_log":20,"minecraft:bone_meal":60,"minecraft:experience_bottle":5,"twilightforest:canopy_planks":21,"minecraft:azalea":6,"minecraft:flint_and_steel":5,"minecraft:spruce_planks":1,"minecraft:stone_hoe":48,"knavesneeds:twilight_forest/ironwood/halberd":217,"supernatural:gothic_iron_helmet":1,"minecraft:dirt":266,"mcwtrpdoors:cherry_glass_trapdoor":17,"minecraft:cherry_trapdoor":16,"biomesoplenty:orange_sandstone":6,"minecraft:golden_carrot":27,"ironchest:gold_chest":2,"minecraft:cooked_beef":5,"minecraft:iron_leggings":1,"biomesoplenty:burning_blossom":1,"minecraft:cooked_mutton":3,"minecraft:acacia_boat":1,"simplyswords:diamond_katana":102,"comforts:sleeping_bag_black":28,"twilightforest:canopy_log":19,"minecraft:wooden_hoe":113,"minecraft:flower_pot":2,"minecraft:apple":6,"minecraft:jungle_stairs":2,"minecraft:stone_slab":2,"minecraft:stone_axe":687,"minecraft:pink_petals":8,"minecraft:cherry_stairs":397,"minecraft:bucket":53,"alexsmobs:animal_dictionary":40,"minecraft:soul_torch":2},"minecraft:killed":{"alexsmobs:lobster":8,"twilightforest:hostile_wolf":2,"minecraft:cave_spider":3,"undead_revamp2:axestrom":2,"minecraft:pufferfish":1,"undead_revamp2:theswarmer":1,"minecraft:skeleton":12,"minecraft:chicken":1,"alexsmobs:straddler":2,"minecraft:tropical_fish":4,"undead_revamp2:thespitter":1,"minecraft:salmon":9,"minecraft:pillager":8,"minecraft:zombie":24,"minecraft:cow":4,"chococraft:chocobo":3,"twilightforest:deer":3,"undead_revamp2:thehunter":5,"undead_revamp2:theimmortal":14,"alexsmobs:raccoon":1,"alexsmobs:seagull":1,"undead_revamp2:bomber":2,"minecraft:zoglin":1,"undead_revamp2:thebidy":1,"alexsmobs:guster":1,"undead_revamp2:the_moonflower":3,"twilightforest:kobold":11,"quark:wraith":1,"minecraft:enderman":1,"undead_revamp2:thewolf":1,"minecraft:witch":1,"minecraft:spider":2,"undead_revamp2:thesmoker":1,"monsterplus:crystal_zombie":4,"minecraft:bee":1,"minecraft:silverfish":2,"undead_revamp2:thespectre":1,"minecraft:piglin_brute":6,"alexsmobs:kangaroo":1,"alexsmobs:triops":3,"minecraft:piglin":6,"minecraft:pig":2,"alexsmobs:grizzly_bear":3,"alexsmobs:stradpole":2,"twilightforest:raven":1,"minecraft:creeper":3,"minecraft:sheep":6,"alexsmobs:terrapin":1,"minecraft:ghast":3,"monsterplus:lava_squid":2,"supernatural:angel":1,"alexsmobs:tiger":2,"alexsmobs:rattlesnake":1,"friendsandfoes:mauler":1,"twilightforest:hedge_spider":5,"undead_revamp2:sucker":5,"alexsmobs:flying_fish":1,"quark:foxhound":2,"minecraft:squid":5,"alexsmobs:cockroach":1},"minecraft:custom":{"minecraft:interact_with_crafting_table":114,"minecraft:leave_game":16,"minecraft:time_since_death":233449,"minecraft:damage_blocked_by_shield":420,"minecraft:play_time":752255,"minecraft:deaths":9,"minecraft:jump":15962,"minecraft:interact_with_furnace":144,"minecraft:traded_with_villager":7,"minecraft:interact_with_cartography_table":1,"minecraft:sleep_in_bed":58,"minecraft:waystone_activated":2,"minecraft:damage_dealt":38598,"minecraft:interact_with_smoker":1,"minecraft:interact_with_smithing_table":5,"minecraft:interact_with_anvil":10,"minecraft:sneak_time":71345,"minecraft:total_world_time":752255,"minecraft:interact_with_stonecutter":1,"minecraft:time_since_rest":865,"minecraft:swim_one_cm":101132,"minecraft:fly_one_cm":9278893,"minecraft:open_chest":725,"minecraft:fall_one_cm":481442,"lootr:looted_stat":37,"minecraft:animals_bred":1,"twilightforest:torchberries_harvested":22,"minecraft:sprint_one_cm":1847252,"minecraft:drop":178,"minecraft:talked_to_villager":24,"minecraft:interact_with_brewingstand":1,"minecraft:walk_on_water_one_cm":50235,"minecraft:interact_with_loom":1,"minecraft:player_kills":1,"minecraft:crouch_one_cm":240204,"minecraft:mob_kills":216,"minecraft:damage_dealt_resisted":205,"minecraft:climb_one_cm":6175,"minecraft:walk_one_cm":1788775,"minecraft:walk_under_water_one_cm":54313,"minecraft:boat_one_cm":25907,"minecraft:pot_flower":5,"minecraft:damage_taken":10707},"minecraft:mined":{"minecraft:dark_oak_planks":7,"minecraft:white_bed":2,"quark:azalea_log":4,"minecraft:pink_bed":1,"minecraft:cherry_log":224,"minecraft:obsidian":9,"biomesoplenty:burning_blossom":3,"minecraft:granite":19,"minecraft:acacia_log":3,"modernlife:dark_oak_picnic_table":2,"minecraft:coal_block":92,"minecraft:deepslate_bricks":1,"biomesoplenty:orange_sandstone":32,"comforts:sleeping_bag_black":1,"minecraft:oxeye_daisy":3,"minecraft:spawner":7,"minecraft:magma_block":8,"minecraft:fire":80,"minecraft:cobbled_deepslate":4,"biomesoplenty:lavender":4,"minecraft:sculk_shrieker":3,"minecraft:dirt_path":16,"biomesoplenty:jacaranda_leaves":5,"minecraft:soul_wall_torch":1,"minecraft:brown_mushroom":1,"minecraft:red_bed":1,"biomesoplenty:jacaranda_planks":111,"minecraft:soul_fire":24,"ironfurnaces:copper_furnace":1,"twilightforest:liveroot_block":4,"minecraft:torch":1,"twilightforest:firefly_particle_spawner":4,"minecraft:blast_furnace":1,"croptopia:broccoli_crop":1,"minecraft:sugar_cane":9,"minecraft:cherry_slab":1,"minecraft:cherry_fence":8,"minecraft:wheat":25,"minecraft:black_bed":1,"minecraft:stone_brick_stairs":2,"minecraft:grass":915,"twilightforest:canopy_log":66,"minecraft:deepslate":74,"twilightforest:firefly":3,"minecraft:deepslate_tiles":1,"biomesoplenty:watergrass":2,"minecraft:mossy_cobblestone":1,"quark:shale":68,"minecraft:cherry_sapling":2,"biomesoplenty:desert_grass":4,"minecraft:dark_oak_log":20,"minecraft:jungle_planks":6,"minecraft:crimson_roots":3,"biomesoplenty:dead_grass":2,"minecraft:cartography_table":1,"biomesoplenty:dune_grass":6,"biomesoplenty:jacaranda_log":81,"twilightforest:canopy_planks":3,"minecraft:andesite":17,"minecraft:potatoes":3,"minecraft:vine":4,"cfm:white_sofa":1,"biomesoplenty:barley":1,"minecraft:bamboo":3,"ad_astra:sky_stone":18,"minecraft:bone_block":18,"minecraft:glass_pane":9,"minecraft:cherry_planks":84,"minecraft:soul_sand":1,"minecraft:dandelion":3,"minecraft:cornflower":1,"minecraft:copper_ore":7,"minecraft:tall_grass":101,"minecraft:diorite":16,"minecraft:coarse_dirt":6,"minecraft:spruce_log":29,"minecraft:birch_leaves":3,"minecraft:gravel":5,"minecraft:dripstone_block":2,"biomesoplenty:stringy_cobweb":1,"minecraft:stone_bricks":1,"minecraft:gold_ore":2,"minecraft:fern":78,"minecraft:infested_stone":1,"undead_revamp2:arapholia":3,"minecraft:spruce_planks":4,"minecraft:farmland":2,"minecraft:cherry_trapdoor":6,"biomesoplenty:potted_jacaranda_sapling":2,"minecraft:grass_block":219,"minecraft:gilded_blackstone":49,"comforts:sleeping_bag_white":4,"minecraft:raw_iron_block":1,"minecraft:glowstone":18,"minecraft:iron_ore":76,"chococraft:gysahl_green":4,"minecraft:pointed_dripstone":1,"minecraft:iron_bars":4,"minecraft:azalea_leaves":3,"minecraft:azalea":5,"minecraft:blackstone":23,"minecraft:melon_stem":1,"minecraft:clay":6,"twilightforest:torchberry_plant":1,"minecraft:jungle_stairs":4,"minecraft:calcite":38,"minecraft:mossy_cobblestone_wall":1,"minecraft:poppy":23,"minecraft:mushroom_stem":83,"minecraft:nether_quartz_ore":18,"minecraft:cobblestone":42,"minecraft:oak_planks":39,"minecraft:wall_torch":4,"minecraft:pink_petals":161,"minecraft:dark_oak_slab":1,"minecraft:cherry_door":2,"twilightforest:root":4,"minecraft:oak_log":36,"minecraft:beetroots":1,"minecraft:sand":22,"minecraft:dirt":188,"minecraft:ancient_debris":1,"supernatural:grave_soil":22,"minecraft:netherrack":72,"minecraft:oak_leaves":27,"minecraft:nether_gold_ore":4,"minecraft:diamond_ore":3,"minecraft:crying_obsidian":5,"minecraft:stripped_cherry_log":16,"biomesoplenty:jacaranda_fence":36,"biomesoplenty:bush":17,"minecraft:spruce_leaves":4,"minecraft:sandstone":2,"biomesoplenty:jacaranda_sapling":2,"minecraft:rooted_dirt":8,"minecraft:hay_block":98,"minecraft:carrots":17,"minecraft:raw_gold_block":1,"minecraft:polished_basalt":9,"biomesoplenty:willow_vine":1,"minecraft:peony":9,"minecraft:gold_block":10,"biomesoplenty:sea_oats":14,"minecraft:deepslate_iron_ore":9,"biomesoplenty:spider_egg":1,"minecraft:stone":357,"minecraft:cherry_stairs":193,"minecraft:podzol":6,"minecraft:red_wool":2,"biomesoplenty:orange_sand":1,"minecraft:basalt":251,"minecraft:crafting_table":1,"modernlife:light_switch":8,"framedblocks:framed_flower_pot":1,"minecraft:rose_bush":24,"minecraft:sculk_sensor":8,"minecraft:lectern":2,"minecraft:stone_slab":2,"biomesoplenty:sprout":5,"minecraft:lapis_ore":14,"twilightforest:mayapple":1,"minecraft:spruce_stairs":4,"minecraft:gray_wool":1,"minecraft:coal_ore":21,"mcwtrpdoors:cherry_glass_trapdoor":9},"minecraft:dropped":{"minecraft:crimson_stem":10,"minecraft:lapis_lazuli":26,"minecraft:cooked_beef":1,"minecraft:diamond":1,"minecraft:rooted_dirt":2,"minecraft:saddle":1,"minecraft:gold_block":1,"minecraft:dirt":17,"relics:leather_belt":2,"alexsmobs:roadrunner_feather":1,"alexsmobs:flying_fish":1,"minecraft:gold_nugget":6,"minecraft:sand":1,"minecraft:iron_pickaxe":2,"modernlife:dark_oak_picnic_table":1,"minecraft:iron_nugget":3,"minecraft:cobbled_deepslate":48,"minecraft:wheat":1,"minecraft:obsidian":1,"minecraft:rotten_flesh":3,"croptopia:chile_pepper":1,"comforts:sleeping_bag_black":2,"knavesneeds:twilight_forest/ironwood/halberd":1,"minecraft:egg":1,"minecraft:crimson_planks":8,"minecraft:iron_ingot":26,"minecraft:wheat_seeds":17,"quark:polished_calcite":3,"minecraft:cobblestone":4,"croptopia:orange":4,"chococraft:gysahl_green_seeds":2,"minecraft:coal":3,"ad_astra:sky_stone":2,"minecraft:gray_wool":2,"croptopia:grape_seed":2,"minecraft:rose_bush":21,"minecraft:iron_shovel":1,"minecraft:shears":3,"minecraft:pumpkin_seeds":3,"minecraft:peony":9,"minecraft:diamond_pickaxe":1,"minecraft:spider_eye":1,"biomesoplenty:orange_sandstone":4,"minecraft:soul_sand":6,"minecraft:ender_pearl":1,"croptopia:chile_pepper_seed":2,"minecraft:cornflower":1,"croptopia:calamari":1,"supernatural:animal_blood":3,"minecraft:gold_ingot":32,"minecraft:armor_stand":1,"quark:shale":50,"minecraft:carrot":43,"minecraft:poppy":2,"minecraft:gunpowder":5,"minecraft:melon_seeds":2,"comforts:sleeping_bag_white":8,"minecraft:basalt":53,"minecraft:bread":89,"supernatural:vampire_dust":1,"minecraft:lead":1,"minecraft:tropical_fish":28,"minecraft:stick":7,"croptopia:lemon":1,"chococraft:chocobo_drumstick_raw":1,"minecraft:iron_axe":1,"minecraft:pink_petals":64,"minecraft:bucket":1,"chococraft:chocobo_feather":1,"minecraft:shield":3,"alexsmobs:lobster_tail":4,"modernlife:light_switch":1,"minecraft:andesite":1,"simplyswords:iron_warglaive":1,"undergarden:raw_gwibling":1,"chococraft:gysahl_green":35,"minecraft:brick":15}},"DataVersion":3465}