{"stats":{"minecraft:mined":{"minecraft:birch_log":1,"minecraft:grass":1,"minecraft:birch_leaves":1},"minecraft:picked_up":{"minecraft:birch_log":1},"minecraft:custom":{"minecraft:jump":54,"minecraft:time_since_rest":2439,"minecraft:crouch_one_cm":1533,"minecraft:leave_game":1,"minecraft:sprint_one_cm":5460,"minecraft:play_time":2439,"minecraft:time_since_death":2439,"minecraft:walk_one_cm":1094,"minecraft:sneak_time":999,"minecraft:total_world_time":2439,"minecraft:fall_one_cm":2212,"minecraft:fly_one_cm":10839},"minecraft:used":{"minecraft:birch_log":1,"alexsmobs:animal_dictionary":2}},"DataVersion":3465}