{"stats":{"minecraft:custom":{"minecraft:time_since_rest":7104,"minecraft:crouch_one_cm":3184,"minecraft:play_time":7104,"minecraft:sprint_one_cm":12260,"minecraft:walk_one_cm":11063,"minecraft:sneak_time":2358,"minecraft:jump":111,"minecraft:time_since_death":7104,"minecraft:total_world_time":7104,"minecraft:fall_one_cm":1103,"minecraft:fly_one_cm":17304},"minecraft:crafted":{"minecraft:acacia_planks":12,"minecraft:crafting_table":1},"minecraft:used":{"alexsmobs:animal_dictionary":7},"minecraft:picked_up":{"minecraft:wheat_seeds":1,"minecraft:acacia_log":3,"minecraft:dandelion":1,"minecraft:poppy":4},"minecraft:mined":{"minecraft:grass":51,"minecraft:acacia_log":3,"minecraft:poppy":5,"minecraft:fire":2,"minecraft:tall_grass":3,"biomesoplenty:desert_grass":3,"minecraft:dandelion":1,"minecraft:oak_leaves":4}},"DataVersion":3465}